Time;TÂ¡ Read 2:600;A1;A2;A3;A4;A5;A6;A7;A8;A9;A10;A11;A12;B1;B2;B3;B4;B5;B6;B7;B8;B9;B10;B11;B12;C1;C2;C3;C4;C5;C6;C7;C8;C9;C10;C11;C12;D1;D2;D3;D4;D5;D6;D7;D8;D9;D10;D11;D12;E1;E2;E3;E4;E5;E6;E7;E8;E9;E10;E11;E12;F1;F2;F3;F4;F5;F6;F7;F8;F9;F10;F11;F12;G1;G2;G3;G4;G5;G6;G7;G8;G9;G10;G11;G12;H1;H2;H3;H4;H5;H6;H7;H8;H9;H10;H11;H12
00:09:10;37;0.321;0.317;0.315;0.314;0.316;0.32;0.315;0.316;0.32;0.314;0.316;0.318;0.316;0.318;0.322;0.321;0.32;0.319;0.318;0.299;0.287;0.323;0.321;0.317;0.322;0.325;0.329;0.331;0.333;0.335;0.334;0.334;0.334;0.335;0.328;0.314;0.305;0.304;0.324;0.331;0.334;0.337;0.33;0.319;0.33;0.328;0.323;0.313;0.311;0.316;0.319;0.321;0.316;0.316;0.318;0.32;0.318;0.318;0.316;0.316;0.3;0.304;0.308;0.308;0.308;0.198;0.31;0.312;0.313;0.31;0.309;0.304;0.292;0.294;0.302;0.299;0.302;0.319;0.308;0.303;0.307;0.306;0.297;0.3;0.304;0.302;0.302;0.303;0.3;0.3;0.305;0.302;0.3;0.303;0.307;0.308
00:19:10;37;0.344;0.339;0.338;0.338;0.338;0.343;0.339;0.339;0.345;0.339;0.34;0.344;0.341;0.347;0.347;0.346;0.345;0.345;0.343;0.323;0.318;0.349;0.348;0.345;0.347;0.343;0.346;0.352;0.35;0.355;0.355;0.353;0.352;0.356;0.348;0.337;0.317;0.319;0.336;0.344;0.352;0.351;0.348;0.333;0.347;0.341;0.337;0.333;0.338;0.342;0.344;0.346;0.343;0.344;0.343;0.342;0.344;0.346;0.345;0.346;0.321;0.326;0.331;0.332;0.333;0.218;0.336;0.337;0.336;0.335;0.335;0.331;0.295;0.302;0.31;0.308;0.314;0.321;0.314;0.309;0.313;0.311;0.303;0.305;0.325;0.326;0.325;0.327;0.322;0.324;0.323;0.325;0.326;0.328;0.333;0.335
00:29:10;37.1;0.374;0.369;0.366;0.367;0.366;0.371;0.366;0.368;0.368;0.366;0.369;0.374;0.367;0.373;0.375;0.371;0.371;0.369;0.369;0.358;0.358;0.379;0.38;0.38;0.378;0.368;0.368;0.371;0.371;0.379;0.376;0.378;0.376;0.379;0.375;0.366;0.339;0.348;0.353;0.359;0.366;0.367;0.363;0.348;0.363;0.359;0.36;0.358;0.365;0.368;0.368;0.37;0.364;0.369;0.371;0.37;0.371;0.373;0.374;0.376;0.342;0.348;0.354;0.356;0.354;0.242;0.366;0.364;0.362;0.359;0.362;0.359;0.303;0.314;0.321;0.319;0.323;0.323;0.324;0.32;0.322;0.322;0.315;0.314;0.356;0.353;0.358;0.356;0.355;0.359;0.357;0.355;0.358;0.36;0.37;0.368
00:39:10;37;0.397;0.394;0.394;0.392;0.392;0.396;0.393;0.396;0.391;0.393;0.396;0.399;0.392;0.4;0.399;0.398;0.398;0.397;0.398;0.397;0.405;0.409;0.414;0.418;0.407;0.388;0.387;0.387;0.391;0.403;0.397;0.398;0.398;0.399;0.397;0.389;0.357;0.362;0.368;0.374;0.38;0.382;0.378;0.361;0.378;0.375;0.376;0.377;0.392;0.393;0.392;0.397;0.393;0.393;0.396;0.39;0.399;0.395;0.4;0.406;0.374;0.371;0.378;0.382;0.379;0.253;0.396;0.393;0.388;0.382;0.388;0.387;0.313;0.322;0.325;0.322;0.326;0.326;0.329;0.328;0.329;0.327;0.325;0.324;0.397;0.393;0.395;0.396;0.392;0.396;0.392;0.393;0.395;0.401;0.408;0.406
00:49:10;37;0.426;0.42;0.42;0.42;0.419;0.423;0.421;0.422;0.423;0.423;0.424;0.427;0.412;0.432;0.428;0.427;0.426;0.427;0.427;0.434;0.453;0.449;0.449;0.451;0.436;0.408;0.409;0.408;0.412;0.424;0.418;0.422;0.42;0.422;0.419;0.407;0.374;0.381;0.383;0.388;0.4;0.399;0.395;0.374;0.392;0.39;0.394;0.394;0.42;0.419;0.418;0.424;0.42;0.42;0.427;0.422;0.429;0.43;0.426;0.425;0.403;0.387;0.402;0.41;0.405;0.272;0.428;0.421;0.412;0.41;0.41;0.41;0.317;0.329;0.327;0.326;0.329;0.33;0.335;0.334;0.334;0.332;0.332;0.331;0.424;0.423;0.423;0.426;0.422;0.424;0.427;0.426;0.427;0.431;0.438;0.438
00:59:10;37.1;0.45;0.445;0.445;0.446;0.445;0.449;0.448;0.449;0.447;0.447;0.452;0.451;0.43;0.459;0.459;0.453;0.455;0.457;0.459;0.469;0.498;0.473;0.479;0.481;0.459;0.426;0.428;0.426;0.431;0.447;0.442;0.442;0.441;0.443;0.438;0.432;0.385;0.392;0.399;0.403;0.418;0.414;0.41;0.388;0.406;0.403;0.408;0.41;0.444;0.444;0.444;0.449;0.444;0.445;0.455;0.445;0.455;0.455;0.457;0.461;0.426;0.415;0.426;0.433;0.426;0.315;0.456;0.446;0.437;0.431;0.435;0.437;0.33;0.334;0.333;0.332;0.334;0.337;0.341;0.34;0.338;0.337;0.334;0.336;0.448;0.449;0.445;0.448;0.444;0.446;0.453;0.456;0.449;0.454;0.464;0.469
01:09:10;37;0.47;0.465;0.466;0.468;0.469;0.474;0.471;0.472;0.467;0.468;0.472;0.472;0.463;0.484;0.482;0.479;0.483;0.48;0.485;0.503;0.542;0.501;0.505;0.512;0.478;0.442;0.445;0.443;0.449;0.47;0.462;0.46;0.459;0.462;0.454;0.449;0.393;0.407;0.413;0.414;0.434;0.425;0.422;0.401;0.418;0.416;0.421;0.423;0.468;0.467;0.47;0.474;0.47;0.472;0.483;0.468;0.483;0.482;0.486;0.488;0.447;0.432;0.447;0.455;0.451;0.34;0.485;0.47;0.462;0.459;0.46;0.462;0.335;0.337;0.337;0.338;0.341;0.342;0.341;0.35;0.342;0.343;0.343;0.343;0.468;0.472;0.466;0.471;0.465;0.466;0.479;0.479;0.473;0.475;0.487;0.496
01:19:10;37;0.485;0.478;0.482;0.485;0.486;0.49;0.489;0.49;0.485;0.485;0.489;0.488;0.484;0.51;0.512;0.508;0.51;0.504;0.516;0.537;0.586;0.534;0.535;0.547;0.493;0.459;0.462;0.459;0.464;0.489;0.479;0.478;0.474;0.479;0.471;0.464;0.406;0.414;0.42;0.425;0.447;0.434;0.436;0.41;0.428;0.427;0.43;0.433;0.496;0.49;0.498;0.504;0.5;0.501;0.518;0.5;0.513;0.513;0.513;0.516;0.469;0.452;0.472;0.482;0.476;0.375;0.516;0.496;0.488;0.483;0.485;0.487;0.341;0.344;0.343;0.345;0.348;0.349;0.348;0.359;0.347;0.348;0.344;0.354;0.488;0.491;0.489;0.487;0.487;0.483;0.502;0.502;0.496;0.499;0.511;0.518
01:29:10;37;0.497;0.492;0.498;0.5;0.501;0.504;0.503;0.505;0.507;0.5;0.503;0.502;0.507;0.536;0.539;0.534;0.538;0.513;0.544;0.568;0.628;0.56;0.562;0.577;0.503;0.469;0.474;0.473;0.475;0.501;0.49;0.489;0.485;0.489;0.483;0.476;0.412;0.423;0.43;0.434;0.455;0.443;0.443;0.417;0.437;0.436;0.439;0.44;0.523;0.519;0.527;0.531;0.532;0.53;0.552;0.524;0.54;0.541;0.54;0.54;0.49;0.47;0.496;0.506;0.499;0.408;0.546;0.518;0.511;0.504;0.509;0.515;0.347;0.351;0.349;0.35;0.352;0.356;0.358;0.369;0.353;0.352;0.351;0.359;0.508;0.509;0.503;0.501;0.501;0.498;0.517;0.523;0.512;0.516;0.528;0.535
01:39:10;37;0.509;0.506;0.51;0.511;0.514;0.515;0.516;0.516;0.514;0.512;0.515;0.512;0.527;0.559;0.562;0.558;0.561;0.542;0.568;0.601;0.668;0.574;0.586;0.608;0.516;0.48;0.487;0.486;0.483;0.514;0.502;0.502;0.496;0.499;0.494;0.486;0.419;0.429;0.435;0.444;0.466;0.453;0.454;0.428;0.444;0.444;0.446;0.443;0.552;0.547;0.556;0.56;0.563;0.56;0.577;0.554;0.565;0.567;0.568;0.564;0.513;0.49;0.519;0.532;0.521;0.526;0.576;0.542;0.535;0.528;0.529;0.535;0.351;0.356;0.353;0.355;0.357;0.361;0.363;0.378;0.358;0.359;0.359;0.365;0.521;0.527;0.513;0.52;0.514;0.515;0.544;0.542;0.532;0.537;0.548;0.556
01:49:10;37;0.519;0.517;0.52;0.522;0.524;0.526;0.528;0.528;0.524;0.523;0.526;0.521;0.545;0.582;0.586;0.582;0.588;0.554;0.595;0.63;0.706;0.6;0.608;0.637;0.522;0.491;0.496;0.495;0.492;0.524;0.513;0.511;0.505;0.509;0.503;0.493;0.427;0.435;0.447;0.449;0.472;0.457;0.462;0.433;0.449;0.449;0.45;0.449;0.579;0.57;0.583;0.587;0.594;0.588;0.609;0.58;0.591;0.593;0.594;0.59;0.535;0.509;0.541;0.556;0.54;0.676;0.602;0.567;0.559;0.548;0.551;0.56;0.356;0.36;0.355;0.357;0.359;0.365;0.371;0.385;0.364;0.363;0.361;0.369;0.535;0.544;0.526;0.526;0.528;0.531;0.556;0.558;0.549;0.555;0.567;0.575
01:59:10;37.1;0.527;0.527;0.529;0.531;0.534;0.536;0.538;0.538;0.543;0.534;0.533;0.531;0.56;0.607;0.61;0.605;0.611;0.595;0.618;0.66;0.742;0.625;0.629;0.662;0.53;0.499;0.506;0.502;0.503;0.533;0.523;0.518;0.514;0.518;0.511;0.5;0.435;0.442;0.458;0.457;0.481;0.463;0.467;0.442;0.457;0.454;0.456;0.457;0.606;0.597;0.613;0.615;0.625;0.617;0.64;0.601;0.616;0.615;0.616;0.612;0.556;0.527;0.562;0.575;0.562;0.781;0.628;0.593;0.578;0.57;0.574;0.583;0.359;0.363;0.362;0.363;0.365;0.369;0.375;0.393;0.367;0.367;0.372;0.372;0.551;0.558;0.536;0.537;0.541;0.544;0.575;0.573;0.563;0.569;0.583;0.591
02:09:10;37;0.537;0.539;0.54;0.543;0.546;0.546;0.548;0.548;0.547;0.544;0.542;0.541;0.577;0.626;0.629;0.627;0.632;0.601;0.641;0.685;0.78;0.649;0.654;0.689;0.535;0.509;0.515;0.512;0.509;0.543;0.534;0.527;0.522;0.527;0.519;0.508;0.441;0.447;0.46;0.464;0.488;0.469;0.479;0.447;0.462;0.462;0.463;0.464;0.633;0.62;0.642;0.644;0.655;0.647;0.67;0.626;0.639;0.639;0.64;0.635;0.577;0.543;0.583;0.599;0.584;0.88;0.654;0.614;0.601;0.59;0.592;0.605;0.364;0.371;0.367;0.369;0.37;0.376;0.382;0.401;0.369;0.371;0.367;0.375;0.562;0.563;0.549;0.547;0.553;0.553;0.591;0.588;0.578;0.582;0.598;0.609
02:19:10;37;0.544;0.548;0.548;0.551;0.554;0.553;0.556;0.556;0.553;0.551;0.55;0.548;0.594;0.643;0.65;0.645;0.653;0.613;0.659;0.711;0.815;0.659;0.67;0.709;0.54;0.516;0.523;0.517;0.515;0.55;0.543;0.532;0.528;0.533;0.525;0.512;0.448;0.451;0.469;0.47;0.496;0.473;0.48;0.451;0.469;0.468;0.47;0.468;0.656;0.647;0.669;0.671;0.683;0.671;0.696;0.646;0.658;0.659;0.659;0.654;0.596;0.557;0.602;0.616;0.603;0.937;0.677;0.635;0.621;0.609;0.612;0.627;0.364;0.373;0.369;0.372;0.374;0.38;0.386;0.408;0.372;0.376;0.375;0.378;0.577;0.59;0.565;0.561;0.564;0.568;0.603;0.6;0.588;0.59;0.617;0.626
02:29:10;37.1;0.551;0.559;0.556;0.558;0.562;0.562;0.564;0.564;0.567;0.558;0.557;0.555;0.615;0.659;0.67;0.668;0.672;0.631;0.68;0.732;0.853;0.676;0.688;0.73;0.546;0.524;0.532;0.521;0.521;0.559;0.551;0.539;0.536;0.541;0.532;0.517;0.454;0.456;0.476;0.477;0.506;0.48;0.489;0.458;0.473;0.471;0.474;0.471;0.68;0.668;0.694;0.696;0.71;0.698;0.724;0.665;0.678;0.677;0.678;0.673;0.613;0.573;0.621;0.637;0.62;1.012;0.699;0.644;0.638;0.622;0.626;0.643;0.366;0.376;0.373;0.376;0.377;0.384;0.389;0.415;0.377;0.38;0.381;0.381;0.587;0.599;0.568;0.571;0.576;0.58;0.619;0.615;0.601;0.61;0.627;0.64
02:39:10;37.1;0.558;0.567;0.564;0.565;0.569;0.569;0.571;0.571;0.566;0.564;0.562;0.561;0.628;0.677;0.685;0.683;0.69;0.65;0.699;0.753;0.879;0.694;0.708;0.753;0.553;0.531;0.539;0.533;0.526;0.566;0.558;0.548;0.543;0.548;0.537;0.522;0.459;0.461;0.481;0.481;0.512;0.485;0.497;0.464;0.477;0.474;0.476;0.475;0.704;0.689;0.716;0.716;0.731;0.719;0.745;0.685;0.695;0.697;0.695;0.69;0.628;0.589;0.635;0.654;0.635;1.082;0.718;0.669;0.653;0.638;0.642;0.661;0.371;0.377;0.374;0.377;0.378;0.385;0.392;0.421;0.379;0.383;0.382;0.384;0.6;0.607;0.586;0.578;0.585;0.586;0.632;0.628;0.613;0.625;0.642;0.654
02:49:10;37.1;0.561;0.575;0.571;0.572;0.575;0.574;0.578;0.576;0.576;0.569;0.568;0.566;0.639;0.69;0.7;0.7;0.708;0.663;0.715;0.765;0.908;0.721;0.719;0.772;0.557;0.537;0.547;0.541;0.53;0.573;0.568;0.553;0.55;0.554;0.545;0.526;0.457;0.462;0.488;0.487;0.518;0.487;0.505;0.468;0.483;0.479;0.481;0.479;0.721;0.704;0.737;0.738;0.749;0.738;0.768;0.699;0.713;0.712;0.711;0.704;0.644;0.601;0.65;0.669;0.651;1.137;0.735;0.686;0.668;0.653;0.654;0.673;0.37;0.38;0.374;0.377;0.382;0.388;0.395;0.427;0.383;0.388;0.385;0.385;0.609;0.618;0.589;0.594;0.597;0.6;0.638;0.64;0.623;0.632;0.654;0.67
02:59:10;37;0.565;0.582;0.579;0.579;0.582;0.581;0.584;0.583;0.575;0.575;0.575;0.572;0.662;0.702;0.715;0.714;0.723;0.676;0.732;0.78;0.936;0.729;0.734;0.786;0.563;0.544;0.555;0.545;0.535;0.581;0.576;0.562;0.558;0.562;0.552;0.531;0.467;0.467;0.495;0.491;0.52;0.491;0.508;0.472;0.487;0.483;0.485;0.481;0.741;0.722;0.756;0.755;0.768;0.759;0.787;0.721;0.733;0.73;0.729;0.722;0.657;0.613;0.664;0.683;0.666;1.18;0.751;0.7;0.681;0.667;0.668;0.692;0.373;0.38;0.377;0.381;0.384;0.392;0.398;0.433;0.385;0.392;0.389;0.386;0.617;0.632;0.597;0.597;0.601;0.607;0.654;0.652;0.634;0.643;0.666;0.682
03:09:10;37;0.564;0.589;0.584;0.584;0.586;0.586;0.59;0.588;0.579;0.58;0.579;0.576;0.676;0.715;0.729;0.728;0.734;0.687;0.746;0.793;0.961;0.734;0.743;0.798;0.574;0.55;0.562;0.553;0.541;0.587;0.584;0.569;0.564;0.569;0.559;0.534;0.47;0.472;0.497;0.494;0.533;0.492;0.518;0.474;0.49;0.485;0.488;0.483;0.757;0.742;0.772;0.773;0.784;0.773;0.808;0.733;0.749;0.748;0.744;0.733;0.669;0.623;0.678;0.696;0.678;1.197;0.764;0.712;0.693;0.676;0.681;0.706;0.374;0.383;0.378;0.382;0.386;0.395;0.399;0.437;0.39;0.394;0.394;0.388;0.627;0.643;0.606;0.617;0.617;0.624;0.661;0.657;0.644;0.657;0.678;0.695
03:19:10;37;0.56;0.594;0.59;0.589;0.592;0.59;0.594;0.591;0.584;0.584;0.584;0.58;0.69;0.722;0.743;0.74;0.745;0.698;0.756;0.803;0.988;0.753;0.754;0.809;0.579;0.555;0.569;0.555;0.543;0.588;0.591;0.577;0.574;0.578;0.564;0.54;0.468;0.473;0.501;0.497;0.536;0.496;0.524;0.48;0.493;0.489;0.489;0.486;0.772;0.758;0.785;0.784;0.795;0.785;0.82;0.749;0.766;0.762;0.756;0.749;0.679;0.632;0.686;0.707;0.688;1.196;0.778;0.716;0.701;0.689;0.689;0.717;0.375;0.385;0.381;0.382;0.389;0.397;0.403;0.441;0.393;0.398;0.397;0.389;0.638;0.653;0.61;0.613;0.619;0.627;0.679;0.673;0.65;0.661;0.689;0.707
03:29:10;37.1;0.581;0.601;0.592;0.596;0.597;0.596;0.6;0.597;0.589;0.588;0.59;0.583;0.696;0.733;0.752;0.753;0.761;0.714;0.767;0.816;1.014;0.758;0.763;0.82;0.586;0.561;0.576;0.56;0.55;0.601;0.601;0.587;0.583;0.584;0.573;0.543;0.467;0.479;0.505;0.501;0.546;0.502;0.529;0.483;0.496;0.491;0.492;0.484;0.786;0.773;0.799;0.797;0.805;0.797;0.835;0.762;0.781;0.776;0.769;0.758;0.691;0.642;0.698;0.715;0.698;1.226;0.79;0.727;0.713;0.698;0.698;0.729;0.378;0.386;0.384;0.386;0.389;0.399;0.411;0.447;0.4;0.405;0.4;0.392;0.649;0.655;0.623;0.628;0.633;0.643;0.686;0.681;0.663;0.678;0.7;0.719
03:39:10;37;0.573;0.607;0.601;0.599;0.602;0.6;0.604;0.601;0.593;0.593;0.594;0.589;0.706;0.744;0.758;0.761;0.769;0.721;0.777;0.825;1.043;0.773;0.77;0.833;0.594;0.57;0.585;0.566;0.555;0.609;0.608;0.595;0.592;0.593;0.582;0.549;0.471;0.481;0.506;0.502;0.55;0.5;0.527;0.486;0.498;0.496;0.495;0.487;0.798;0.786;0.808;0.807;0.817;0.81;0.848;0.777;0.796;0.788;0.781;0.767;0.698;0.648;0.707;0.726;0.708;1.279;0.804;0.748;0.723;0.71;0.709;0.74;0.378;0.389;0.386;0.387;0.395;0.404;0.414;0.454;0.4;0.408;0.407;0.394;0.657;0.666;0.627;0.63;0.635;0.643;0.691;0.685;0.671;0.683;0.708;0.729
03:49:10;37;0.578;0.611;0.605;0.606;0.607;0.605;0.609;0.606;0.598;0.597;0.599;0.592;0.723;0.748;0.77;0.768;0.776;0.723;0.785;0.838;1.069;0.778;0.779;0.842;0.603;0.577;0.594;0.571;0.561;0.618;0.616;0.606;0.601;0.601;0.589;0.554;0.473;0.483;0.507;0.504;0.556;0.503;0.531;0.49;0.502;0.497;0.495;0.487;0.814;0.8;0.818;0.817;0.827;0.819;0.862;0.79;0.808;0.797;0.791;0.777;0.711;0.657;0.719;0.737;0.716;1.281;0.819;0.76;0.734;0.719;0.719;0.752;0.38;0.391;0.384;0.389;0.396;0.405;0.418;0.462;0.407;0.413;0.406;0.402;0.663;0.667;0.633;0.64;0.639;0.648;0.705;0.697;0.68;0.698;0.717;0.738
03:59:10;37;0.594;0.615;0.609;0.608;0.611;0.608;0.612;0.61;0.601;0.6;0.603;0.597;0.724;0.754;0.776;0.779;0.788;0.734;0.794;0.85;1.093;0.786;0.783;0.855;0.612;0.581;0.597;0.576;0.564;0.62;0.622;0.614;0.61;0.608;0.595;0.557;0.473;0.485;0.515;0.503;0.558;0.503;0.537;0.491;0.502;0.497;0.495;0.489;0.821;0.814;0.83;0.829;0.836;0.83;0.87;0.802;0.819;0.809;0.801;0.785;0.721;0.668;0.728;0.746;0.729;1.345;0.83;0.77;0.742;0.727;0.728;0.763;0.38;0.391;0.384;0.392;0.4;0.41;0.421;0.465;0.409;0.417;0.417;0.406;0.669;0.68;0.644;0.645;0.65;0.658;0.706;0.702;0.686;0.696;0.725;0.749
04:09:10;37.1;0.598;0.618;0.613;0.614;0.615;0.613;0.617;0.616;0.605;0.605;0.607;0.601;0.728;0.765;0.784;0.786;0.791;0.734;0.8;0.861;1.119;0.762;0.792;0.866;0.621;0.587;0.604;0.581;0.57;0.624;0.628;0.624;0.618;0.616;0.603;0.562;0.474;0.487;0.512;0.506;0.559;0.505;0.539;0.492;0.5;0.496;0.493;0.487;0.832;0.822;0.839;0.836;0.843;0.838;0.882;0.811;0.834;0.825;0.817;0.797;0.732;0.673;0.736;0.757;0.738;1.37;0.841;0.778;0.751;0.735;0.734;0.773;0.385;0.393;0.39;0.396;0.402;0.412;0.424;0.472;0.416;0.422;0.423;0.411;0.678;0.679;0.648;0.655;0.655;0.664;0.719;0.709;0.692;0.708;0.731;0.754
04:19:10;37.1;0.602;0.624;0.617;0.619;0.62;0.617;0.62;0.619;0.609;0.607;0.611;0.605;0.745;0.768;0.791;0.793;0.8;0.742;0.808;0.875;1.145;0.794;0.795;0.876;0.629;0.592;0.611;0.586;0.572;0.631;0.634;0.632;0.629;0.625;0.611;0.569;0.473;0.487;0.511;0.505;0.564;0.508;0.54;0.493;0.503;0.496;0.495;0.485;0.84;0.831;0.848;0.845;0.85;0.846;0.893;0.823;0.845;0.836;0.828;0.805;0.743;0.679;0.743;0.765;0.745;1.392;0.853;0.786;0.76;0.744;0.745;0.783;0.385;0.394;0.391;0.398;0.406;0.417;0.429;0.478;0.421;0.427;0.428;0.419;0.684;0.694;0.655;0.656;0.658;0.67;0.724;0.716;0.697;0.713;0.736;0.761
04:29:10;37;0.609;0.631;0.622;0.623;0.625;0.622;0.625;0.623;0.613;0.611;0.616;0.61;0.745;0.774;0.798;0.801;0.81;0.764;0.819;0.883;1.17;0.81;0.8;0.886;0.638;0.601;0.62;0.591;0.578;0.637;0.643;0.641;0.637;0.635;0.621;0.575;0.477;0.49;0.514;0.506;0.564;0.506;0.54;0.495;0.502;0.496;0.494;0.485;0.85;0.847;0.858;0.856;0.863;0.859;0.909;0.838;0.86;0.849;0.84;0.816;0.748;0.689;0.753;0.776;0.754;1.413;0.867;0.803;0.772;0.755;0.756;0.798;0.388;0.399;0.395;0.401;0.408;0.42;0.433;0.486;0.424;0.434;0.434;0.426;0.691;0.696;0.659;0.661;0.658;0.67;0.731;0.72;0.702;0.718;0.743;0.769
04:39:10;37;0.617;0.631;0.626;0.627;0.63;0.626;0.628;0.625;0.619;0.616;0.62;0.614;0.76;0.779;0.808;0.809;0.817;0.755;0.827;0.897;1.19;0.814;0.809;0.9;0.648;0.606;0.626;0.591;0.583;0.643;0.647;0.65;0.648;0.643;0.63;0.582;0.48;0.489;0.515;0.507;0.567;0.506;0.546;0.498;0.504;0.497;0.494;0.486;0.862;0.857;0.865;0.864;0.87;0.868;0.92;0.849;0.872;0.859;0.853;0.827;0.759;0.698;0.764;0.786;0.765;1.45;0.879;0.813;0.779;0.762;0.763;0.805;0.392;0.398;0.394;0.4;0.413;0.424;0.435;0.492;0.424;0.438;0.439;0.435;0.693;0.704;0.657;0.668;0.664;0.673;0.737;0.725;0.704;0.722;0.748;0.776
04:49:10;37.1;0.621;0.636;0.631;0.632;0.634;0.63;0.633;0.631;0.622;0.619;0.626;0.619;0.76;0.787;0.815;0.817;0.824;0.766;0.835;0.906;1.212;0.811;0.815;0.909;0.659;0.613;0.632;0.595;0.588;0.648;0.655;0.659;0.655;0.651;0.638;0.587;0.479;0.494;0.515;0.509;0.572;0.505;0.546;0.499;0.504;0.498;0.496;0.484;0.87;0.869;0.878;0.874;0.881;0.877;0.925;0.857;0.884;0.875;0.866;0.835;0.769;0.706;0.775;0.794;0.773;1.454;0.891;0.821;0.79;0.775;0.771;0.821;0.403;0.407;0.401;0.412;0.425;0.438;0.441;0.501;0.437;0.449;0.447;0.446;0.7;0.708;0.669;0.675;0.672;0.68;0.741;0.73;0.712;0.73;0.751;0.782
04:59:10;37;0.629;0.643;0.635;0.639;0.638;0.637;0.637;0.636;0.627;0.622;0.631;0.623;0.769;0.791;0.826;0.824;0.832;0.771;0.844;0.918;1.234;0.828;0.82;0.919;0.67;0.619;0.639;0.598;0.592;0.652;0.661;0.664;0.664;0.659;0.642;0.593;0.479;0.492;0.518;0.508;0.573;0.509;0.545;0.499;0.506;0.496;0.494;0.484;0.879;0.881;0.885;0.883;0.888;0.885;0.938;0.872;0.895;0.883;0.875;0.843;0.78;0.714;0.784;0.805;0.783;1.493;0.901;0.835;0.799;0.784;0.785;0.827;0.405;0.41;0.405;0.417;0.432;0.445;0.448;0.507;0.445;0.457;0.456;0.452;0.705;0.713;0.673;0.671;0.678;0.688;0.742;0.732;0.717;0.736;0.759;0.79
05:09:10;37;0.637;0.648;0.637;0.641;0.642;0.638;0.641;0.639;0.631;0.626;0.633;0.628;0.779;0.799;0.831;0.832;0.841;0.773;0.852;0.931;1.254;0.828;0.823;0.931;0.676;0.622;0.642;0.602;0.595;0.658;0.665;0.674;0.671;0.663;0.65;0.599;0.482;0.493;0.517;0.508;0.576;0.512;0.547;0.499;0.506;0.497;0.495;0.483;0.888;0.889;0.891;0.888;0.895;0.894;0.944;0.879;0.907;0.896;0.887;0.855;0.79;0.721;0.793;0.815;0.793;1.502;0.912;0.844;0.808;0.791;0.788;0.842;0.413;0.417;0.407;0.421;0.439;0.449;0.456;0.516;0.453;0.467;0.464;0.462;0.708;0.717;0.679;0.681;0.682;0.693;0.753;0.737;0.721;0.74;0.764;0.795
05:19:10;37;0.641;0.653;0.636;0.641;0.642;0.638;0.645;0.642;0.635;0.63;0.64;0.632;0.781;0.802;0.839;0.839;0.849;0.786;0.859;0.941;1.282;0.83;0.829;0.944;0.686;0.629;0.648;0.603;0.599;0.656;0.671;0.683;0.68;0.675;0.661;0.605;0.477;0.493;0.517;0.511;0.576;0.51;0.545;0.502;0.507;0.496;0.493;0.483;0.896;0.903;0.901;0.898;0.905;0.904;0.954;0.89;0.919;0.911;0.905;0.866;0.795;0.73;0.802;0.823;0.801;1.53;0.921;0.855;0.819;0.803;0.799;0.853;0.421;0.422;0.412;0.428;0.446;0.458;0.46;0.524;0.457;0.473;0.472;0.47;0.715;0.723;0.682;0.682;0.684;0.696;0.757;0.741;0.723;0.744;0.769;0.802
05:29:10;37;0.647;0.658;0.643;0.647;0.651;0.649;0.65;0.649;0.639;0.632;0.648;0.637;0.793;0.81;0.848;0.844;0.858;0.784;0.867;0.954;1.306;0.849;0.834;0.949;0.693;0.633;0.652;0.605;0.603;0.665;0.675;0.689;0.689;0.679;0.666;0.611;0.48;0.493;0.516;0.51;0.577;0.511;0.546;0.503;0.507;0.496;0.491;0.48;0.903;0.911;0.908;0.903;0.912;0.91;0.966;0.902;0.925;0.92;0.915;0.875;0.806;0.739;0.811;0.834;0.809;1.547;0.931;0.865;0.827;0.81;0.808;0.866;0.425;0.427;0.415;0.43;0.449;0.461;0.466;0.532;0.462;0.481;0.48;0.477;0.721;0.728;0.682;0.688;0.688;0.698;0.76;0.746;0.725;0.749;0.773;0.808
05:39:10;37;0.654;0.665;0.649;0.655;0.655;0.651;0.654;0.654;0.644;0.636;0.65;0.643;0.799;0.818;0.854;0.855;0.869;0.798;0.88;0.965;1.324;0.859;0.839;0.961;0.704;0.64;0.658;0.608;0.608;0.67;0.681;0.698;0.697;0.685;0.675;0.617;0.48;0.495;0.518;0.511;0.578;0.513;0.548;0.504;0.507;0.495;0.491;0.481;0.913;0.918;0.918;0.913;0.92;0.919;0.972;0.91;0.937;0.929;0.925;0.885;0.815;0.743;0.819;0.842;0.818;1.564;0.941;0.877;0.834;0.82;0.814;0.877;0.431;0.433;0.421;0.439;0.461;0.472;0.474;0.541;0.471;0.49;0.491;0.486;0.724;0.724;0.686;0.689;0.693;0.703;0.765;0.749;0.728;0.753;0.779;0.814
05:49:10;37;0.663;0.674;0.649;0.65;0.654;0.654;0.655;0.659;0.648;0.642;0.659;0.649;0.812;0.817;0.862;0.859;0.873;0.796;0.889;0.975;1.354;0.848;0.846;0.974;0.72;0.644;0.661;0.613;0.612;0.669;0.683;0.703;0.701;0.69;0.681;0.623;0.477;0.497;0.517;0.51;0.583;0.508;0.547;0.504;0.508;0.496;0.491;0.481;0.914;0.925;0.925;0.919;0.925;0.923;0.979;0.918;0.944;0.937;0.935;0.898;0.821;0.753;0.827;0.851;0.827;1.566;0.95;0.886;0.844;0.826;0.821;0.888;0.443;0.441;0.427;0.444;0.469;0.479;0.482;0.552;0.483;0.499;0.501;0.495;0.728;0.734;0.687;0.695;0.693;0.703;0.769;0.755;0.735;0.755;0.78;0.821
05:59:10;37;0.669;0.684;0.661;0.671;0.663;0.66;0.672;0.672;0.659;0.65;0.671;0.659;0.813;0.824;0.871;0.868;0.882;0.802;0.899;0.989;1.378;0.854;0.85;0.986;0.729;0.648;0.666;0.618;0.616;0.674;0.69;0.709;0.709;0.697;0.689;0.631;0.481;0.498;0.519;0.511;0.584;0.513;0.548;0.506;0.509;0.496;0.49;0.48;0.929;0.935;0.935;0.928;0.934;0.932;0.987;0.925;0.954;0.947;0.946;0.907;0.826;0.759;0.837;0.859;0.836;1.576;0.959;0.896;0.854;0.837;0.83;0.898;0.453;0.448;0.434;0.45;0.474;0.486;0.49;0.565;0.491;0.508;0.508;0.502;0.733;0.738;0.7;0.7;0.695;0.708;0.772;0.759;0.737;0.759;0.786;0.828
06:09:10;37;0.679;0.685;0.664;0.671;0.669;0.67;0.678;0.676;0.665;0.658;0.679;0.665;0.809;0.827;0.877;0.874;0.89;0.807;0.905;0.998;1.396;0.871;0.85;0.995;0.737;0.653;0.667;0.622;0.62;0.678;0.69;0.714;0.713;0.699;0.693;0.634;0.479;0.498;0.518;0.511;0.585;0.51;0.549;0.507;0.507;0.493;0.49;0.48;0.93;0.94;0.938;0.93;0.937;0.936;0.994;0.931;0.957;0.954;0.956;0.909;0.837;0.767;0.843;0.866;0.843;1.587;0.965;0.904;0.86;0.844;0.837;0.905;0.462;0.457;0.442;0.462;0.487;0.499;0.5;0.575;0.499;0.517;0.519;0.515;0.739;0.741;0.697;0.698;0.704;0.713;0.776;0.76;0.741;0.762;0.79;0.831
06:19:10;37;0.688;0.699;0.683;0.686;0.685;0.683;0.688;0.678;0.674;0.662;0.683;0.671;0.815;0.832;0.883;0.883;0.899;0.812;0.918;1.009;1.41;0.88;0.856;1.008;0.75;0.657;0.672;0.623;0.625;0.681;0.695;0.72;0.72;0.704;0.699;0.642;0.483;0.5;0.523;0.511;0.587;0.515;0.55;0.507;0.51;0.495;0.49;0.48;0.943;0.951;0.947;0.94;0.946;0.944;1.002;0.939;0.97;0.964;0.967;0.922;0.844;0.771;0.854;0.874;0.853;1.601;0.972;0.912;0.868;0.853;0.845;0.914;0.475;0.467;0.452;0.473;0.497;0.51;0.509;0.585;0.511;0.531;0.532;0.528;0.742;0.746;0.695;0.703;0.709;0.719;0.782;0.767;0.744;0.765;0.793;0.839
06:29:10;37;0.703;0.704;0.691;0.697;0.686;0.685;0.688;0.685;0.678;0.665;0.69;0.676;0.827;0.838;0.89;0.89;0.905;0.822;0.924;1.017;1.431;0.883;0.86;1.017;0.756;0.661;0.675;0.626;0.628;0.681;0.699;0.727;0.727;0.71;0.706;0.649;0.483;0.501;0.522;0.512;0.588;0.518;0.55;0.509;0.508;0.495;0.489;0.479;0.955;0.957;0.951;0.946;0.951;0.949;1.01;0.946;0.974;0.967;0.973;0.932;0.854;0.781;0.858;0.882;0.859;1.613;0.981;0.931;0.877;0.858;0.853;0.924;0.489;0.479;0.463;0.484;0.509;0.52;0.521;0.598;0.522;0.541;0.541;0.538;0.747;0.749;0.704;0.708;0.707;0.719;0.786;0.77;0.747;0.765;0.796;0.845
06:39:10;37;0.711;0.704;0.697;0.696;0.688;0.689;0.69;0.686;0.681;0.667;0.693;0.681;0.838;0.844;0.894;0.896;0.911;0.825;0.933;1.032;1.447;0.886;0.858;1.03;0.762;0.661;0.675;0.631;0.628;0.684;0.699;0.733;0.731;0.713;0.71;0.654;0.484;0.501;0.523;0.512;0.589;0.519;0.55;0.51;0.509;0.493;0.488;0.479;0.952;0.956;0.951;0.946;0.954;0.951;1.017;0.95;0.978;0.975;0.982;0.941;0.861;0.785;0.86;0.886;0.864;1.616;0.985;0.932;0.881;0.866;0.86;0.931;0.496;0.487;0.467;0.489;0.515;0.525;0.528;0.609;0.528;0.554;0.552;0.557;0.753;0.752;0.702;0.712;0.714;0.726;0.79;0.769;0.745;0.769;0.801;0.851
06:49:10;37.1;0.719;0.714;0.7;0.7;0.704;0.689;0.698;0.692;0.685;0.672;0.705;0.687;0.839;0.849;0.904;0.905;0.92;0.829;0.942;1.041;1.462;0.883;0.866;1.042;0.773;0.67;0.682;0.638;0.634;0.693;0.706;0.741;0.742;0.72;0.717;0.664;0.483;0.502;0.523;0.513;0.592;0.518;0.551;0.512;0.511;0.496;0.489;0.479;0.956;0.968;0.96;0.955;0.962;0.96;1.023;0.958;0.987;0.985;0.991;0.947;0.866;0.792;0.872;0.894;0.872;1.629;0.994;0.939;0.891;0.875;0.865;0.94;0.513;0.5;0.481;0.503;0.528;0.54;0.541;0.623;0.545;0.566;0.565;0.568;0.755;0.753;0.716;0.714;0.717;0.728;0.793;0.776;0.749;0.772;0.802;0.856
06:59:10;37;0.729;0.724;0.709;0.714;0.707;0.702;0.707;0.697;0.692;0.674;0.705;0.693;0.85;0.849;0.908;0.911;0.926;0.826;0.95;1.057;1.477;0.869;0.867;1.052;0.784;0.67;0.683;0.639;0.636;0.693;0.709;0.745;0.745;0.725;0.724;0.671;0.486;0.501;0.527;0.515;0.594;0.521;0.553;0.514;0.508;0.494;0.488;0.478;0.966;0.971;0.964;0.958;0.965;0.965;1.029;0.964;0.991;0.986;0.995;0.956;0.867;0.8;0.877;0.9;0.877;1.633;0.998;0.948;0.896;0.881;0.872;0.949;0.527;0.513;0.49;0.513;0.538;0.551;0.553;0.637;0.555;0.577;0.58;0.591;0.758;0.758;0.709;0.717;0.716;0.727;0.798;0.781;0.753;0.773;0.806;0.859
07:09:10;37;0.738;0.723;0.718;0.717;0.707;0.703;0.709;0.698;0.698;0.675;0.712;0.698;0.855;0.855;0.917;0.919;0.937;0.842;0.961;1.071;1.487;0.909;0.87;1.066;0.793;0.676;0.691;0.642;0.637;0.697;0.715;0.749;0.75;0.732;0.731;0.68;0.484;0.501;0.523;0.512;0.594;0.522;0.554;0.515;0.51;0.491;0.484;0.479;0.968;0.977;0.97;0.964;0.971;0.97;1.039;0.971;0.997;0.996;1.006;0.966;0.879;0.805;0.882;0.905;0.885;1.642;1.006;0.955;0.904;0.891;0.881;0.959;0.534;0.522;0.497;0.519;0.545;0.557;0.565;0.646;0.564;0.589;0.592;0.611;0.764;0.76;0.708;0.72;0.722;0.732;0.801;0.776;0.748;0.778;0.81;0.865
07:19:10;37;0.741;0.725;0.722;0.721;0.712;0.705;0.705;0.698;0.695;0.683;0.719;0.701;0.86;0.852;0.918;0.924;0.939;0.839;0.966;1.087;1.495;0.909;0.876;1.075;0.797;0.68;0.69;0.645;0.638;0.697;0.713;0.749;0.749;0.73;0.732;0.682;0.486;0.501;0.524;0.511;0.592;0.519;0.553;0.514;0.507;0.488;0.482;0.477;0.971;0.981;0.969;0.964;0.97;0.969;1.037;0.971;0.996;0.993;1.005;0.973;0.871;0.81;0.883;0.906;0.887;1.654;1.007;0.956;0.904;0.889;0.886;0.964;0.541;0.528;0.499;0.525;0.55;0.564;0.573;0.656;0.573;0.597;0.601;0.633;0.766;0.76;0.718;0.723;0.715;0.727;0.801;0.784;0.754;0.781;0.814;0.869
07:29:10;37;0.749;0.728;0.719;0.718;0.714;0.707;0.713;0.702;0.7;0.684;0.719;0.707;0.864;0.865;0.928;0.932;0.949;0.846;0.98;1.095;1.512;0.932;0.877;1.091;0.806;0.688;0.701;0.648;0.642;0.709;0.723;0.756;0.758;0.741;0.742;0.687;0.486;0.503;0.525;0.513;0.593;0.524;0.553;0.517;0.513;0.493;0.485;0.477;0.976;0.99;0.98;0.974;0.981;0.981;1.044;0.98;1.009;1.008;1.02;0.979;0.89;0.815;0.895;0.916;0.897;1.668;1.017;0.972;0.918;0.904;0.893;0.97;0.551;0.531;0.512;0.535;0.56;0.573;0.586;0.668;0.585;0.607;0.613;0.652;0.77;0.763;0.713;0.72;0.727;0.736;0.805;0.785;0.76;0.783;0.817;0.875
07:39:10;37.1;0.754;0.735;0.725;0.723;0.717;0.716;0.72;0.709;0.703;0.686;0.722;0.711;0.869;0.868;0.937;0.943;0.957;0.843;0.99;1.102;1.526;0.945;0.876;1.1;0.811;0.691;0.703;0.649;0.644;0.71;0.725;0.759;0.76;0.744;0.745;0.692;0.485;0.506;0.525;0.513;0.595;0.525;0.554;0.52;0.512;0.494;0.484;0.477;0.983;0.992;0.982;0.977;0.984;0.983;1.049;0.985;1.011;1.013;1.025;0.987;0.892;0.821;0.899;0.922;0.904;1.685;1.022;0.97;0.924;0.91;0.897;0.979;0.557;0.544;0.515;0.538;0.564;0.578;0.593;0.679;0.592;0.617;0.624;0.67;0.771;0.765;0.717;0.723;0.725;0.734;0.805;0.788;0.762;0.784;0.818;0.88
07:49:10;37.1;0.761;0.738;0.728;0.726;0.724;0.72;0.721;0.712;0.71;0.69;0.734;0.717;0.871;0.874;0.945;0.951;0.968;0.852;1.003;1.115;1.537;0.945;0.88;1.113;0.821;0.695;0.707;0.653;0.649;0.711;0.73;0.764;0.767;0.749;0.75;0.701;0.487;0.506;0.524;0.514;0.597;0.527;0.556;0.521;0.516;0.495;0.486;0.478;0.989;1;0.99;0.983;0.991;0.992;1.056;0.992;1.02;1.021;1.033;0.997;0.898;0.827;0.905;0.929;0.909;1.692;1.028;0.983;0.932;0.918;0.903;0.988;0.565;0.55;0.522;0.545;0.568;0.583;0.601;0.69;0.601;0.623;0.633;0.688;0.775;0.769;0.717;0.722;0.729;0.739;0.809;0.793;0.764;0.787;0.823;0.89
07:59:10;37;0.77;0.744;0.737;0.732;0.724;0.712;0.723;0.715;0.713;0.697;0.735;0.723;0.879;0.878;0.946;0.956;0.97;0.855;1.007;1.132;1.539;0.95;0.886;1.125;0.83;0.698;0.711;0.655;0.653;0.717;0.734;0.766;0.768;0.752;0.753;0.704;0.491;0.506;0.522;0.512;0.598;0.525;0.554;0.523;0.514;0.489;0.485;0.477;0.994;1.002;0.997;0.988;0.996;0.995;1.06;0.995;1.023;1.022;1.036;1.007;0.901;0.833;0.909;0.933;0.913;1.684;1.032;0.986;0.934;0.922;0.905;0.994;0.576;0.555;0.526;0.549;0.572;0.586;0.61;0.695;0.607;0.629;0.64;0.708;0.778;0.771;0.722;0.731;0.729;0.742;0.813;0.793;0.767;0.786;0.825;0.898
08:09:10;37.1;0.781;0.746;0.74;0.737;0.728;0.722;0.73;0.719;0.711;0.701;0.741;0.73;0.883;0.884;0.958;0.968;0.983;0.862;1.02;1.146;1.553;0.953;0.888;1.134;0.837;0.706;0.716;0.659;0.658;0.719;0.738;0.771;0.774;0.757;0.759;0.711;0.49;0.507;0.522;0.512;0.599;0.525;0.556;0.523;0.516;0.496;0.485;0.478;1.003;1.012;1.003;0.995;1;1;1.068;1;1.031;1.031;1.047;1.014;0.911;0.839;0.916;0.937;0.922;1.695;1.037;0.993;0.946;0.929;0.913;1.002;0.58;0.562;0.531;0.554;0.578;0.592;0.616;0.702;0.613;0.634;0.65;0.719;0.782;0.772;0.728;0.727;0.737;0.746;0.816;0.797;0.768;0.786;0.829;0.908
08:19:10;37.1;0.788;0.753;0.743;0.739;0.729;0.719;0.727;0.72;0.716;0.705;0.745;0.743;0.876;0.889;0.964;0.975;0.992;0.862;1.031;1.151;1.56;0.969;0.894;1.149;0.844;0.708;0.72;0.662;0.662;0.726;0.741;0.773;0.778;0.762;0.762;0.717;0.49;0.509;0.522;0.513;0.601;0.528;0.559;0.526;0.517;0.495;0.485;0.479;1.01;1.016;1.007;1;1.005;1.004;1.072;1.007;1.035;1.037;1.052;1.024;0.918;0.843;0.921;0.943;0.927;1.708;1.046;1.001;0.95;0.937;0.92;1.011;0.587;0.566;0.536;0.559;0.582;0.596;0.62;0.708;0.619;0.638;0.657;0.728;0.785;0.776;0.724;0.734;0.737;0.75;0.819;0.801;0.77;0.793;0.832;0.917
08:29:10;37.1;0.804;0.758;0.751;0.743;0.735;0.727;0.733;0.727;0.726;0.711;0.757;0.756;0.896;0.891;0.973;0.985;1.003;0.866;1.042;1.163;1.573;0.974;0.9;1.166;0.855;0.711;0.723;0.667;0.666;0.726;0.745;0.778;0.783;0.766;0.769;0.723;0.494;0.511;0.524;0.515;0.604;0.529;0.558;0.528;0.515;0.495;0.484;0.48;1.01;1.022;1.014;1.005;1.01;1.012;1.076;1.013;1.041;1.041;1.058;1.034;0.919;0.852;0.928;0.95;0.932;1.717;1.052;1.006;0.955;0.943;0.928;1.02;0.593;0.575;0.539;0.561;0.587;0.598;0.627;0.716;0.624;0.647;0.663;0.741;0.791;0.779;0.735;0.741;0.732;0.747;0.825;0.803;0.773;0.798;0.84;0.93
08:39:10;37;0.813;0.762;0.75;0.748;0.735;0.729;0.734;0.728;0.727;0.713;0.762;0.765;0.889;0.896;0.977;0.991;1.006;0.866;1.052;1.18;1.568;0.988;0.898;1.18;0.861;0.713;0.723;0.67;0.67;0.728;0.745;0.782;0.785;0.766;0.769;0.726;0.496;0.51;0.527;0.515;0.603;0.531;0.56;0.528;0.516;0.495;0.483;0.48;1.019;1.024;1.016;1.008;1.012;1.011;1.077;1.016;1.042;1.044;1.061;1.044;0.923;0.858;0.93;0.95;0.938;1.713;1.053;1.015;0.961;0.95;0.934;1.025;0.598;0.578;0.542;0.563;0.586;0.6;0.63;0.718;0.628;0.649;0.666;0.749;0.794;0.781;0.736;0.743;0.735;0.747;0.829;0.805;0.774;0.8;0.842;0.938
08:49:10;37;0.827;0.765;0.755;0.751;0.739;0.737;0.74;0.734;0.731;0.721;0.766;0.774;0.9;0.903;0.986;1;1.015;0.876;1.061;1.192;1.579;0.988;0.897;1.191;0.873;0.715;0.725;0.674;0.672;0.729;0.748;0.784;0.788;0.769;0.773;0.732;0.496;0.513;0.524;0.514;0.605;0.531;0.559;0.53;0.518;0.497;0.485;0.48;1.022;1.026;1.019;1.011;1.017;1.017;1.084;1.017;1.045;1.048;1.066;1.052;0.933;0.864;0.934;0.956;0.939;1.723;1.058;1.016;0.966;0.956;0.939;1.032;0.607;0.586;0.546;0.569;0.592;0.607;0.637;0.727;0.633;0.653;0.672;0.756;0.799;0.785;0.736;0.744;0.746;0.756;0.833;0.81;0.774;0.808;0.85;0.953
08:59:10;37;0.84;0.769;0.758;0.755;0.746;0.741;0.747;0.741;0.738;0.718;0.774;0.787;0.908;0.909;0.993;1.008;1.025;0.879;1.071;1.203;1.584;1.003;0.9;1.21;0.879;0.718;0.73;0.679;0.677;0.733;0.753;0.788;0.794;0.775;0.778;0.741;0.498;0.514;0.524;0.516;0.608;0.533;0.563;0.531;0.524;0.498;0.485;0.482;1.024;1.032;1.026;1.018;1.023;1.023;1.095;1.024;1.052;1.054;1.073;1.062;0.946;0.871;0.941;0.963;0.947;1.726;1.065;1.017;0.972;0.963;0.945;1.042;0.611;0.587;0.55;0.571;0.594;0.608;0.644;0.731;0.64;0.658;0.676;0.769;0.803;0.788;0.745;0.751;0.743;0.752;0.837;0.814;0.777;0.809;0.856;0.971
09:09:10;37;0.853;0.77;0.762;0.756;0.749;0.745;0.75;0.746;0.745;0.728;0.783;0.802;0.913;0.912;0.998;1.012;1.031;0.883;1.077;1.215;1.591;1.021;0.904;1.224;0.891;0.72;0.731;0.682;0.679;0.735;0.753;0.792;0.797;0.773;0.781;0.747;0.498;0.516;0.525;0.516;0.609;0.533;0.563;0.534;0.524;0.497;0.482;0.483;1.029;1.031;1.026;1.019;1.026;1.025;1.096;1.028;1.054;1.055;1.076;1.071;0.949;0.876;0.942;0.965;0.949;1.733;1.067;1.023;0.979;0.969;0.952;1.048;0.612;0.591;0.548;0.574;0.599;0.611;0.647;0.738;0.642;0.661;0.684;0.776;0.804;0.788;0.744;0.751;0.742;0.755;0.839;0.816;0.779;0.814;0.861;0.985
09:19:10;37;0.86;0.773;0.766;0.762;0.75;0.747;0.754;0.747;0.746;0.731;0.785;0.809;0.919;0.913;1.005;1.023;1.038;0.892;1.089;1.229;1.593;1.028;0.909;1.232;0.897;0.724;0.734;0.683;0.681;0.74;0.756;0.795;0.801;0.778;0.785;0.749;0.5;0.518;0.526;0.516;0.611;0.537;0.563;0.535;0.526;0.5;0.483;0.483;1.036;1.039;1.03;1.024;1.029;1.029;1.099;1.03;1.059;1.059;1.079;1.077;0.952;0.881;0.947;0.968;0.954;1.729;1.072;1.028;0.98;0.973;0.955;1.052;0.617;0.593;0.554;0.578;0.6;0.613;0.65;0.74;0.648;0.664;0.686;0.787;0.809;0.79;0.749;0.753;0.747;0.758;0.842;0.818;0.781;0.818;0.866;0.991
09:29:10;37;0.868;0.779;0.775;0.771;0.76;0.751;0.755;0.752;0.75;0.735;0.792;0.819;0.919;0.923;1.011;1.031;1.048;0.898;1.096;1.243;1.592;1.018;0.907;1.244;0.904;0.725;0.737;0.683;0.684;0.738;0.759;0.799;0.804;0.78;0.788;0.754;0.502;0.518;0.528;0.517;0.611;0.536;0.566;0.537;0.524;0.498;0.485;0.483;1.041;1.043;1.034;1.028;1.033;1.034;1.109;1.032;1.063;1.064;1.085;1.084;0.956;0.885;0.953;0.973;0.961;1.732;1.076;1.033;0.988;0.98;0.963;1.057;0.621;0.596;0.556;0.58;0.601;0.614;0.653;0.741;0.649;0.665;0.689;0.792;0.811;0.794;0.753;0.756;0.745;0.759;0.845;0.82;0.783;0.821;0.873;1.001
09:39:10;37;0.878;0.784;0.78;0.775;0.766;0.761;0.762;0.753;0.753;0.729;0.795;0.83;0.93;0.925;1.019;1.039;1.056;0.901;1.108;1.251;1.603;1.028;0.914;1.257;0.914;0.729;0.738;0.688;0.687;0.741;0.76;0.801;0.807;0.783;0.791;0.759;0.504;0.519;0.526;0.518;0.613;0.537;0.567;0.538;0.527;0.501;0.486;0.485;1.048;1.046;1.036;1.03;1.036;1.037;1.111;1.037;1.067;1.066;1.086;1.091;0.967;0.89;0.956;0.975;0.963;1.744;1.079;1.037;0.992;0.986;0.965;1.063;0.627;0.602;0.558;0.582;0.605;0.618;0.658;0.745;0.658;0.669;0.693;0.797;0.819;0.796;0.753;0.756;0.756;0.771;0.849;0.823;0.784;0.828;0.881;1.007
09:49:10;37;0.885;0.785;0.785;0.777;0.767;0.758;0.763;0.757;0.758;0.74;0.801;0.839;0.93;0.933;1.024;1.045;1.065;0.903;1.115;1.26;1.604;1.046;0.913;1.266;0.92;0.729;0.74;0.688;0.687;0.743;0.763;0.804;0.809;0.786;0.794;0.765;0.505;0.52;0.529;0.518;0.614;0.539;0.569;0.541;0.527;0.5;0.486;0.485;1.05;1.048;1.039;1.033;1.039;1.042;1.115;1.041;1.069;1.067;1.089;1.099;0.972;0.897;0.96;0.979;0.967;1.748;1.085;1.043;0.998;0.991;0.973;1.07;0.63;0.602;0.56;0.585;0.607;0.619;0.661;0.749;0.658;0.672;0.697;0.806;0.822;0.799;0.756;0.759;0.75;0.765;0.85;0.825;0.786;0.832;0.888;1.013
09:59:10;37;0.892;0.789;0.787;0.779;0.769;0.759;0.762;0.756;0.761;0.746;0.804;0.849;0.934;0.93;1.031;1.05;1.069;0.91;1.12;1.274;1.6;1.042;0.917;1.277;0.925;0.73;0.74;0.69;0.689;0.747;0.764;0.805;0.81;0.787;0.796;0.768;0.508;0.522;0.53;0.521;0.615;0.539;0.57;0.54;0.531;0.5;0.487;0.486;1.058;1.047;1.041;1.033;1.039;1.039;1.116;1.041;1.067;1.068;1.09;1.103;0.976;0.899;0.961;0.981;0.967;1.745;1.083;1.042;0.996;0.992;0.972;1.072;0.633;0.603;0.563;0.586;0.608;0.62;0.662;0.75;0.662;0.673;0.7;0.811;0.827;0.801;0.76;0.764;0.754;0.769;0.852;0.827;0.788;0.838;0.893;1.013
10:09:10;37;0.911;0.791;0.791;0.782;0.773;0.769;0.768;0.762;0.766;0.743;0.813;0.87;0.938;0.939;1.034;1.055;1.077;0.915;1.127;1.274;1.621;1.057;0.919;1.294;0.944;0.732;0.742;0.692;0.692;0.749;0.766;0.807;0.813;0.791;0.799;0.775;0.51;0.524;0.529;0.521;0.618;0.543;0.571;0.543;0.53;0.504;0.488;0.489;1.061;1.051;1.044;1.038;1.044;1.044;1.12;1.045;1.07;1.071;1.093;1.114;0.985;0.905;0.965;0.985;0.971;1.75;1.09;1.047;1.003;1;0.981;1.081;0.639;0.608;0.566;0.589;0.611;0.623;0.669;0.758;0.669;0.679;0.708;0.823;0.83;0.805;0.762;0.766;0.756;0.771;0.858;0.83;0.793;0.847;0.902;1.021
10:19:10;37.1;0.918;0.796;0.792;0.787;0.777;0.773;0.774;0.766;0.77;0.75;0.818;0.882;0.934;0.944;1.042;1.066;1.084;0.924;1.138;1.294;1.612;1.074;0.922;1.305;0.953;0.737;0.745;0.695;0.694;0.749;0.769;0.812;0.819;0.794;0.802;0.78;0.513;0.527;0.53;0.523;0.62;0.543;0.574;0.545;0.534;0.504;0.489;0.49;1.07;1.057;1.05;1.044;1.048;1.048;1.126;1.05;1.075;1.075;1.097;1.12;0.99;0.91;0.971;0.988;0.977;1.751;1.094;1.05;1.007;1.006;0.985;1.086;0.645;0.612;0.571;0.594;0.615;0.628;0.672;0.76;0.674;0.68;0.712;0.829;0.837;0.808;0.769;0.772;0.761;0.774;0.862;0.834;0.795;0.851;0.912;1.018
10:29:10;37;0.931;0.801;0.796;0.791;0.783;0.778;0.778;0.771;0.774;0.752;0.824;0.897;0.949;0.945;1.048;1.072;1.091;0.925;1.145;1.304;1.614;1.093;0.923;1.321;0.962;0.739;0.747;0.696;0.698;0.754;0.771;0.816;0.822;0.796;0.806;0.785;0.514;0.529;0.531;0.526;0.621;0.546;0.575;0.548;0.535;0.505;0.49;0.491;1.073;1.057;1.052;1.045;1.051;1.052;1.128;1.054;1.079;1.078;1.102;1.128;1;0.916;0.973;0.993;0.981;1.754;1.098;1.057;1.013;1.011;0.991;1.093;0.652;0.616;0.573;0.597;0.617;0.628;0.677;0.763;0.677;0.687;0.717;0.838;0.84;0.811;0.771;0.774;0.77;0.783;0.865;0.836;0.797;0.859;0.922;1.01
10:39:10;37;0.937;0.802;0.8;0.795;0.785;0.779;0.778;0.771;0.779;0.759;0.833;0.908;0.945;0.954;1.052;1.077;1.095;0.935;1.151;1.312;1.613;1.104;0.928;1.332;0.97;0.743;0.75;0.699;0.7;0.755;0.772;0.82;0.825;0.8;0.809;0.792;0.517;0.531;0.535;0.527;0.624;0.551;0.575;0.549;0.536;0.508;0.49;0.493;1.083;1.063;1.054;1.048;1.055;1.056;1.131;1.057;1.079;1.082;1.106;1.135;1.003;0.92;0.978;0.995;0.984;1.757;1.1;1.063;1.017;1.016;0.998;1.097;0.654;0.62;0.575;0.599;0.62;0.632;0.679;0.766;0.68;0.688;0.72;0.841;0.84;0.815;0.775;0.779;0.77;0.782;0.867;0.838;0.799;0.862;0.931;1.006
10:49:10;37;0.952;0.806;0.805;0.802;0.79;0.784;0.787;0.778;0.78;0.763;0.841;0.922;0.949;0.957;1.055;1.082;1.103;0.933;1.159;1.32;1.618;1.095;0.926;1.342;0.977;0.742;0.748;0.7;0.703;0.758;0.773;0.817;0.825;0.799;0.811;0.797;0.518;0.533;0.533;0.528;0.626;0.552;0.581;0.551;0.539;0.509;0.493;0.495;1.081;1.062;1.055;1.049;1.055;1.056;1.133;1.057;1.079;1.082;1.105;1.141;1.011;0.925;0.979;0.998;0.985;1.765;1.103;1.054;1.018;1.019;1.001;1.102;0.659;0.623;0.58;0.602;0.623;0.634;0.683;0.771;0.685;0.693;0.725;0.848;0.841;0.817;0.778;0.78;0.771;0.786;0.873;0.84;0.803;0.871;0.943;1.01
10:59:10;37;0.959;0.812;0.807;0.804;0.795;0.79;0.788;0.781;0.786;0.768;0.853;0.928;0.951;0.956;1.062;1.086;1.107;0.939;1.163;1.335;1.614;1.117;0.937;1.351;0.983;0.744;0.752;0.702;0.704;0.757;0.776;0.821;0.829;0.803;0.813;0.803;0.522;0.535;0.536;0.529;0.628;0.555;0.58;0.554;0.539;0.51;0.495;0.499;1.089;1.065;1.059;1.053;1.058;1.059;1.137;1.061;1.083;1.085;1.11;1.15;1.014;0.93;0.982;0.999;0.991;1.76;1.106;1.062;1.022;1.026;1.003;1.109;0.664;0.626;0.58;0.602;0.624;0.634;0.688;0.772;0.689;0.696;0.729;0.851;0.845;0.822;0.784;0.785;0.774;0.789;0.875;0.843;0.806;0.874;0.951;1
11:09:10;37;0.979;0.816;0.813;0.81;0.8;0.793;0.796;0.787;0.788;0.77;0.86;0.947;0.959;0.959;1.062;1.092;1.111;0.944;1.17;1.332;1.626;1.111;0.933;1.369;0.995;0.745;0.753;0.707;0.705;0.759;0.775;0.824;0.832;0.804;0.815;0.807;0.522;0.54;0.536;0.531;0.629;0.555;0.584;0.557;0.543;0.511;0.497;0.502;1.089;1.065;1.062;1.056;1.06;1.061;1.138;1.064;1.085;1.084;1.109;1.155;1.022;0.934;0.984;1.002;0.993;1.768;1.11;1.062;1.025;1.027;1.009;1.115;0.671;0.628;0.584;0.608;0.628;0.638;0.694;0.78;0.695;0.7;0.736;0.858;0.842;0.824;0.785;0.787;0.777;0.793;0.879;0.846;0.81;0.885;0.958;0.999
11:19:10;37;0.989;0.822;0.818;0.813;0.803;0.799;0.8;0.792;0.795;0.776;0.872;0.956;0.967;0.975;1.071;1.101;1.12;0.951;1.179;1.346;1.626;1.106;0.944;1.381;1.006;0.748;0.758;0.711;0.708;0.76;0.779;0.829;0.835;0.811;0.82;0.816;0.526;0.541;0.537;0.532;0.634;0.557;0.587;0.56;0.548;0.514;0.5;0.504;1.102;1.072;1.068;1.062;1.066;1.069;1.14;1.067;1.089;1.091;1.116;1.162;1.026;0.94;0.99;1.008;0.999;1.763;1.114;1.067;1.03;1.031;1.013;1.122;0.677;0.635;0.59;0.611;0.631;0.642;0.697;0.785;0.697;0.705;0.741;0.864;0.846;0.827;0.789;0.792;0.786;0.799;0.882;0.849;0.813;0.889;0.963;0.994
11:29:10;37;0.998;0.826;0.819;0.818;0.81;0.804;0.808;0.798;0.803;0.784;0.884;0.963;0.969;0.978;1.075;1.106;1.128;0.958;1.185;1.356;1.628;1.113;0.947;1.392;1.009;0.751;0.759;0.709;0.71;0.762;0.779;0.831;0.839;0.812;0.822;0.82;0.529;0.544;0.539;0.534;0.636;0.561;0.589;0.562;0.549;0.516;0.502;0.507;1.109;1.076;1.071;1.063;1.07;1.071;1.144;1.071;1.093;1.094;1.12;1.169;1.031;0.946;0.994;1.01;1.002;1.759;1.117;1.07;1.032;1.034;1.019;1.126;0.68;0.638;0.595;0.615;0.634;0.645;0.698;0.789;0.699;0.709;0.746;0.868;0.845;0.832;0.792;0.794;0.788;0.802;0.886;0.852;0.816;0.897;0.967;1.001
11:39:10;37;1.003;0.829;0.822;0.823;0.815;0.806;0.809;0.803;0.806;0.784;0.885;0.968;0.981;0.981;1.081;1.113;1.136;0.957;1.194;1.37;1.623;1.128;0.951;1.405;1.009;0.752;0.761;0.712;0.71;0.762;0.782;0.832;0.842;0.814;0.825;0.825;0.531;0.547;0.539;0.536;0.637;0.562;0.592;0.565;0.551;0.518;0.505;0.51;1.107;1.079;1.073;1.068;1.074;1.074;1.148;1.073;1.097;1.095;1.121;1.171;1.037;0.948;0.997;1.011;1.003;1.764;1.121;1.069;1.033;1.04;1.02;1.13;0.684;0.638;0.594;0.617;0.637;0.648;0.701;0.79;0.7;0.709;0.751;0.87;0.846;0.833;0.798;0.798;0.786;0.801;0.887;0.853;0.821;0.902;0.98;1.01
11:49:10;37;1.01;0.834;0.827;0.827;0.819;0.812;0.816;0.81;0.814;0.79;0.893;0.97;0.984;0.988;1.085;1.118;1.14;0.967;1.2;1.389;1.619;1.114;0.953;1.412;1.009;0.753;0.762;0.712;0.712;0.763;0.783;0.833;0.844;0.815;0.827;0.83;0.533;0.551;0.541;0.538;0.639;0.565;0.595;0.568;0.553;0.52;0.506;0.513;1.116;1.082;1.073;1.069;1.073;1.074;1.148;1.076;1.097;1.097;1.122;1.175;1.038;0.951;0.999;1.015;1.007;1.765;1.121;1.066;1.037;1.041;1.024;1.133;0.687;0.64;0.597;0.619;0.637;0.65;0.704;0.791;0.706;0.712;0.752;0.875;0.846;0.837;0.802;0.801;0.789;0.802;0.891;0.855;0.824;0.904;0.987;1.013
11:59:10;37;1.018;0.837;0.83;0.832;0.825;0.817;0.823;0.814;0.818;0.793;0.9;0.977;0.987;0.99;1.091;1.123;1.15;0.975;1.207;1.399;1.621;1.127;0.951;1.417;1.015;0.756;0.765;0.713;0.714;0.767;0.787;0.837;0.848;0.819;0.831;0.836;0.536;0.552;0.544;0.537;0.64;0.567;0.596;0.57;0.555;0.52;0.508;0.515;1.119;1.085;1.078;1.073;1.078;1.08;1.153;1.076;1.099;1.1;1.125;1.179;1.045;0.956;1.002;1.017;1.011;1.77;1.124;1.075;1.04;1.045;1.026;1.139;0.691;0.643;0.6;0.62;0.64;0.65;0.705;0.792;0.708;0.714;0.757;0.877;0.848;0.839;0.808;0.807;0.793;0.807;0.893;0.856;0.824;0.906;0.991;1.014
12:09:10;37;1.036;0.845;0.837;0.838;0.834;0.827;0.83;0.821;0.827;0.803;0.914;0.992;0.99;0.996;1.098;1.131;1.154;0.979;1.212;1.408;1.634;1.128;0.96;1.433;1.028;0.758;0.767;0.718;0.717;0.768;0.788;0.839;0.849;0.821;0.832;0.842;0.541;0.557;0.544;0.539;0.643;0.569;0.597;0.574;0.559;0.525;0.511;0.52;1.127;1.085;1.08;1.076;1.08;1.081;1.152;1.081;1.102;1.103;1.129;1.187;1.05;0.96;1.005;1.021;1.014;1.778;1.128;1.078;1.044;1.052;1.032;1.146;0.698;0.648;0.604;0.625;0.643;0.655;0.709;0.799;0.714;0.721;0.763;0.882;0.852;0.843;0.813;0.81;0.797;0.811;0.898;0.86;0.832;0.913;1;1.021
12:19:10;37;1.041;0.85;0.842;0.844;0.838;0.831;0.838;0.831;0.834;0.81;0.923;0.995;0.998;1.001;1.103;1.137;1.16;0.988;1.216;1.416;1.63;1.137;0.965;1.438;1.029;0.76;0.768;0.719;0.718;0.77;0.789;0.84;0.852;0.823;0.835;0.848;0.543;0.561;0.545;0.544;0.645;0.574;0.601;0.577;0.562;0.527;0.514;0.525;1.132;1.088;1.08;1.077;1.081;1.083;1.155;1.083;1.105;1.105;1.13;1.191;1.057;0.966;1.007;1.025;1.018;1.778;1.131;1.076;1.05;1.055;1.037;1.152;0.703;0.65;0.606;0.626;0.646;0.655;0.712;0.802;0.718;0.723;0.769;0.888;0.852;0.846;0.815;0.815;0.8;0.816;0.902;0.863;0.837;0.917;1.009;1.013
12:29:10;37;1.047;0.852;0.842;0.846;0.841;0.836;0.843;0.836;0.838;0.809;0.926;0.999;1.001;0.997;1.107;1.138;1.163;0.991;1.217;1.433;1.626;1.147;0.97;1.445;1.029;0.759;0.764;0.718;0.72;0.769;0.785;0.838;0.848;0.82;0.833;0.849;0.545;0.562;0.546;0.543;0.645;0.575;0.599;0.578;0.561;0.528;0.514;0.527;1.131;1.084;1.076;1.072;1.079;1.077;1.152;1.079;1.099;1.1;1.127;1.19;1.056;0.966;1.005;1.023;1.015;1.775;1.129;1.075;1.047;1.053;1.038;1.151;0.708;0.653;0.607;0.629;0.65;0.657;0.715;0.804;0.716;0.726;0.771;0.89;0.85;0.845;0.82;0.817;0.805;0.82;0.904;0.864;0.839;0.92;1.016;1.007
12:39:10;37;1.057;0.858;0.85;0.851;0.846;0.84;0.849;0.841;0.847;0.821;0.936;1.007;1.008;1.01;1.111;1.146;1.168;0.997;1.223;1.44;1.631;1.147;0.968;1.453;1.034;0.763;0.77;0.719;0.72;0.769;0.792;0.843;0.855;0.826;0.84;0.854;0.548;0.567;0.547;0.545;0.648;0.576;0.604;0.582;0.565;0.531;0.518;0.53;1.137;1.09;1.083;1.08;1.083;1.085;1.157;1.085;1.105;1.106;1.131;1.194;1.063;0.97;1.013;1.026;1.02;1.782;1.134;1.085;1.053;1.059;1.042;1.157;0.712;0.655;0.611;0.632;0.652;0.661;0.719;0.81;0.722;0.729;0.776;0.897;0.85;0.849;0.823;0.82;0.808;0.822;0.907;0.867;0.844;0.92;1.023;1.001
12:49:10;37;1.06;0.866;0.857;0.859;0.853;0.847;0.857;0.849;0.851;0.827;0.94;1.012;1.012;1.004;1.115;1.149;1.171;1;1.226;1.448;1.626;1.155;0.961;1.458;1.03;0.765;0.772;0.72;0.721;0.773;0.793;0.845;0.855;0.826;0.839;0.859;0.551;0.57;0.551;0.547;0.65;0.58;0.606;0.585;0.568;0.534;0.521;0.535;1.138;1.091;1.083;1.08;1.084;1.085;1.159;1.086;1.107;1.107;1.133;1.197;1.068;0.977;1.014;1.028;1.022;1.782;1.134;1.085;1.054;1.064;1.045;1.161;0.717;0.659;0.613;0.634;0.656;0.664;0.722;0.815;0.727;0.733;0.783;0.899;0.852;0.853;0.829;0.825;0.813;0.826;0.911;0.869;0.849;0.922;1.031;0.998
12:59:10;37;1.072;0.874;0.862;0.867;0.86;0.853;0.863;0.855;0.861;0.836;0.956;1.025;1.02;1.014;1.119;1.152;1.172;1.004;1.228;1.457;1.633;1.158;0.981;1.471;1.04;0.768;0.772;0.722;0.724;0.772;0.793;0.846;0.856;0.829;0.841;0.866;0.555;0.573;0.549;0.548;0.653;0.582;0.611;0.59;0.57;0.536;0.524;0.538;1.145;1.091;1.085;1.08;1.085;1.085;1.159;1.087;1.106;1.107;1.132;1.204;1.073;0.978;1.016;1.03;1.024;1.787;1.137;1.089;1.06;1.065;1.049;1.168;0.723;0.662;0.619;0.639;0.657;0.667;0.727;0.821;0.731;0.739;0.789;0.904;0.856;0.856;0.835;0.83;0.817;0.83;0.916;0.874;0.856;0.925;1.034;0.992
13:09:10;37;1.071;0.876;0.867;0.871;0.865;0.854;0.87;0.863;0.865;0.845;0.959;1.023;1.021;1.022;1.119;1.155;1.176;1.01;1.232;1.464;1.623;1.166;0.983;1.471;1.036;0.768;0.773;0.722;0.724;0.774;0.795;0.848;0.86;0.829;0.843;0.869;0.556;0.577;0.552;0.55;0.654;0.586;0.611;0.592;0.572;0.54;0.526;0.54;1.145;1.092;1.084;1.083;1.088;1.088;1.161;1.089;1.109;1.108;1.134;1.208;1.077;0.982;1.016;1.03;1.026;1.777;1.138;1.085;1.059;1.066;1.05;1.171;0.728;0.666;0.617;0.639;0.658;0.667;0.729;0.824;0.735;0.74;0.792;0.907;0.858;0.857;0.838;0.832;0.819;0.833;0.916;0.875;0.861;0.927;1.036;0.993
13:19:10;37;1.081;0.88;0.868;0.877;0.868;0.86;0.877;0.868;0.872;0.85;0.965;1.033;1.03;1.022;1.123;1.158;1.178;1.006;1.235;1.477;1.627;1.159;0.986;1.481;1.043;0.77;0.774;0.724;0.724;0.774;0.797;0.848;0.86;0.831;0.845;0.875;0.56;0.579;0.554;0.553;0.654;0.586;0.617;0.597;0.576;0.541;0.529;0.546;1.142;1.091;1.087;1.083;1.089;1.09;1.163;1.089;1.108;1.108;1.134;1.208;1.077;0.984;1.018;1.032;1.027;1.786;1.14;1.091;1.061;1.068;1.053;1.172;0.733;0.665;0.62;0.64;0.662;0.669;0.734;0.828;0.737;0.743;0.798;0.908;0.858;0.86;0.851;0.837;0.825;0.838;0.919;0.877;0.869;0.935;1.044;1
13:29:10;37;1.092;0.886;0.872;0.881;0.873;0.865;0.88;0.874;0.884;0.858;0.975;1.045;1.031;1.037;1.122;1.159;1.179;1.012;1.235;1.479;1.635;1.17;0.981;1.491;1.047;0.769;0.773;0.723;0.725;0.778;0.796;0.848;0.859;0.83;0.843;0.879;0.563;0.584;0.556;0.554;0.658;0.591;0.618;0.598;0.578;0.545;0.53;0.549;1.147;1.092;1.085;1.082;1.087;1.088;1.162;1.089;1.107;1.109;1.134;1.212;1.09;0.988;1.019;1.035;1.029;1.789;1.144;1.089;1.064;1.071;1.056;1.176;0.739;0.671;0.625;0.645;0.666;0.674;0.735;0.833;0.743;0.75;0.805;0.913;0.857;0.866;0.857;0.844;0.831;0.844;0.926;0.88;0.879;0.937;1.053;1.004
13:39:10;37;1.098;0.894;0.878;0.887;0.88;0.873;0.887;0.88;0.891;0.864;0.985;1.049;1.045;1.041;1.129;1.164;1.184;1.021;1.243;1.488;1.633;1.165;0.995;1.494;1.049;0.771;0.774;0.727;0.727;0.776;0.798;0.851;0.864;0.834;0.848;0.882;0.568;0.587;0.558;0.558;0.661;0.592;0.62;0.602;0.581;0.546;0.533;0.554;1.153;1.094;1.088;1.086;1.091;1.091;1.166;1.089;1.108;1.109;1.135;1.217;1.085;0.99;1.022;1.038;1.031;1.783;1.145;1.089;1.069;1.074;1.061;1.181;0.743;0.674;0.627;0.648;0.67;0.677;0.741;0.836;0.748;0.754;0.814;0.915;0.852;0.869;0.863;0.846;0.833;0.847;0.929;0.884;0.888;0.939;1.065;1
13:49:10;37;1.104;0.901;0.885;0.895;0.888;0.88;0.895;0.885;0.902;0.871;0.995;1.058;1.048;1.034;1.13;1.168;1.187;1.024;1.244;1.498;1.637;1.178;0.994;1.502;1.052;0.774;0.777;0.726;0.729;0.777;0.799;0.852;0.867;0.834;0.85;0.889;0.572;0.592;0.56;0.557;0.664;0.596;0.623;0.605;0.583;0.55;0.536;0.56;1.156;1.095;1.09;1.087;1.092;1.092;1.166;1.091;1.111;1.112;1.138;1.222;1.091;0.994;1.023;1.04;1.033;1.789;1.149;1.097;1.071;1.078;1.062;1.186;0.751;0.677;0.627;0.65;0.671;0.68;0.745;0.841;0.752;0.759;0.82;0.922;0.848;0.871;0.868;0.853;0.837;0.851;0.932;0.886;0.896;0.947;1.07;0.997
13:59:10;37;1.109;0.907;0.893;0.902;0.896;0.888;0.904;0.892;0.911;0.885;1.004;1.067;1.046;1.043;1.133;1.169;1.19;1.029;1.248;1.504;1.636;1.183;0.996;1.504;1.057;0.776;0.78;0.726;0.731;0.779;0.801;0.854;0.867;0.837;0.852;0.895;0.575;0.594;0.561;0.559;0.666;0.598;0.624;0.61;0.586;0.554;0.538;0.563;1.162;1.095;1.092;1.089;1.095;1.095;1.168;1.094;1.114;1.113;1.139;1.228;1.097;0.998;1.027;1.041;1.034;1.785;1.152;1.098;1.073;1.081;1.068;1.191;0.757;0.681;0.636;0.654;0.675;0.682;0.749;0.844;0.754;0.764;0.825;0.924;0.847;0.874;0.873;0.857;0.844;0.858;0.935;0.887;0.904;0.949;1.074;0.992
14:09:10;37;1.118;0.916;0.9;0.91;0.905;0.894;0.911;0.899;0.922;0.891;1.013;1.075;1.066;1.053;1.137;1.174;1.192;1.032;1.25;1.515;1.636;1.186;0.998;1.508;1.06;0.777;0.78;0.729;0.734;0.782;0.802;0.856;0.869;0.838;0.853;0.903;0.579;0.597;0.565;0.564;0.67;0.6;0.628;0.613;0.589;0.555;0.541;0.569;1.168;1.097;1.093;1.09;1.095;1.097;1.168;1.096;1.115;1.114;1.14;1.233;1.103;1.002;1.028;1.045;1.037;1.788;1.152;1.103;1.073;1.086;1.072;1.196;0.764;0.684;0.639;0.659;0.68;0.686;0.754;0.849;0.762;0.772;0.832;0.924;0.845;0.879;0.878;0.864;0.848;0.863;0.94;0.891;0.912;0.957;1.082;0.995
14:19:10;37;1.122;0.923;0.906;0.916;0.91;0.903;0.919;0.908;0.931;0.9;1.018;1.081;1.077;1.053;1.141;1.178;1.197;1.037;1.254;1.525;1.632;1.19;0.998;1.51;1.06;0.781;0.783;0.733;0.735;0.784;0.805;0.859;0.871;0.841;0.856;0.907;0.584;0.603;0.567;0.564;0.672;0.602;0.63;0.616;0.591;0.558;0.544;0.576;1.168;1.101;1.094;1.093;1.099;1.1;1.172;1.097;1.116;1.116;1.142;1.235;1.105;1.003;1.032;1.045;1.04;1.791;1.158;1.103;1.077;1.088;1.072;1.2;0.769;0.69;0.643;0.665;0.683;0.692;0.757;0.851;0.767;0.777;0.837;0.929;0.844;0.881;0.884;0.868;0.851;0.866;0.942;0.894;0.916;0.962;1.082;0.993
14:29:10;37;1.127;0.93;0.912;0.925;0.915;0.911;0.927;0.916;0.944;0.908;1.026;1.084;1.09;1.059;1.143;1.181;1.2;1.039;1.259;1.532;1.633;1.194;1;1.513;1.06;0.781;0.784;0.733;0.736;0.785;0.806;0.861;0.873;0.842;0.858;0.912;0.587;0.61;0.567;0.566;0.675;0.605;0.633;0.619;0.596;0.563;0.547;0.579;1.172;1.101;1.095;1.094;1.1;1.1;1.173;1.1;1.116;1.118;1.143;1.237;1.111;1.01;1.034;1.05;1.042;1.788;1.16;1.104;1.081;1.091;1.078;1.203;0.774;0.694;0.645;0.667;0.687;0.695;0.763;0.857;0.77;0.782;0.84;0.93;0.843;0.884;0.888;0.871;0.856;0.87;0.946;0.895;0.92;0.967;1.089;0.996
14:39:10;37;1.124;0.928;0.91;0.921;0.913;0.909;0.924;0.913;0.939;0.897;1.016;1.083;1.094;1.06;1.143;1.179;1.199;1.043;1.255;1.53;1.629;1.195;0.998;1.506;1.058;0.779;0.782;0.733;0.737;0.783;0.805;0.856;0.867;0.841;0.852;0.908;0.588;0.613;0.57;0.567;0.677;0.605;0.635;0.621;0.592;0.559;0.544;0.576;1.168;1.097;1.093;1.092;1.099;1.099;1.172;1.096;1.116;1.118;1.14;1.239;1.117;1.01;1.032;1.049;1.042;1.774;1.16;1.104;1.08;1.089;1.074;1.202;0.78;0.702;0.648;0.669;0.69;0.697;0.768;0.857;0.777;0.786;0.844;0.935;0.837;0.885;0.894;0.879;0.861;0.877;0.951;0.894;0.922;0.969;1.092;0.989
14:49:10;37;1.139;0.941;0.922;0.933;0.928;0.923;0.934;0.924;0.953;0.914;1.038;1.098;1.103;1.066;1.147;1.185;1.205;1.047;1.261;1.538;1.637;1.195;1.007;1.522;1.063;0.784;0.785;0.736;0.739;0.787;0.808;0.861;0.875;0.843;0.86;0.918;0.595;0.619;0.573;0.572;0.683;0.61;0.639;0.625;0.602;0.567;0.552;0.587;1.175;1.098;1.096;1.094;1.1;1.099;1.174;1.101;1.119;1.119;1.147;1.251;1.12;1.015;1.036;1.051;1.044;1.782;1.165;1.111;1.087;1.096;1.084;1.212;0.784;0.705;0.653;0.677;0.697;0.703;0.772;0.863;0.78;0.793;0.847;0.938;0.837;0.887;0.9;0.885;0.867;0.882;0.955;0.899;0.935;0.974;1.111;0.994
14:59:10;37;1.148;0.952;0.932;0.943;0.937;0.931;0.949;0.937;0.972;0.929;1.055;1.107;1.111;1.069;1.149;1.188;1.205;1.053;1.264;1.541;1.639;1.202;1.011;1.529;1.07;0.786;0.787;0.741;0.742;0.79;0.81;0.863;0.875;0.845;0.862;0.928;0.597;0.624;0.576;0.575;0.686;0.614;0.643;0.629;0.605;0.571;0.556;0.594;1.182;1.102;1.098;1.096;1.103;1.103;1.174;1.101;1.121;1.122;1.149;1.258;1.13;1.018;1.038;1.053;1.048;1.785;1.169;1.113;1.089;1.098;1.086;1.218;0.789;0.707;0.659;0.684;0.704;0.71;0.775;0.868;0.783;0.799;0.849;0.943;0.834;0.888;0.903;0.892;0.871;0.887;0.961;0.902;0.939;0.979;1.119;0.997
15:09:10;37;1.151;0.956;0.936;0.949;0.945;0.937;0.954;0.946;0.981;0.941;1.059;1.112;1.12;1.073;1.152;1.192;1.208;1.059;1.268;1.554;1.633;1.207;1.012;1.525;1.068;0.786;0.786;0.738;0.742;0.787;0.809;0.865;0.876;0.846;0.861;0.932;0.604;0.627;0.578;0.575;0.687;0.615;0.645;0.632;0.605;0.574;0.559;0.598;1.184;1.101;1.096;1.097;1.102;1.101;1.175;1.101;1.12;1.12;1.148;1.258;1.131;1.021;1.039;1.057;1.049;1.777;1.168;1.111;1.095;1.101;1.088;1.22;0.792;0.706;0.662;0.687;0.707;0.714;0.775;0.872;0.786;0.8;0.85;0.946;0.833;0.888;0.91;0.896;0.874;0.89;0.963;0.904;0.95;0.982;1.134;1.001
15:19:10;37;1.157;0.967;0.947;0.958;0.953;0.95;0.961;0.956;0.992;0.949;1.064;1.117;1.132;1.082;1.155;1.194;1.211;1.064;1.271;1.557;1.635;1.201;1.015;1.527;1.074;0.788;0.789;0.742;0.742;0.792;0.811;0.866;0.88;0.848;0.865;0.938;0.608;0.631;0.581;0.58;0.691;0.618;0.651;0.637;0.609;0.576;0.562;0.603;1.186;1.102;1.099;1.097;1.105;1.107;1.179;1.104;1.123;1.123;1.149;1.26;1.134;1.025;1.041;1.059;1.053;1.778;1.176;1.115;1.094;1.104;1.093;1.225;0.796;0.711;0.666;0.689;0.708;0.715;0.779;0.876;0.792;0.805;0.854;0.949;0.829;0.893;0.917;0.902;0.879;0.895;0.97;0.906;0.951;0.979;1.15;1.004
15:29:10;37.1;1.158;0.973;0.954;0.965;0.962;0.957;0.965;0.962;1.002;0.959;1.07;1.121;1.147;1.081;1.157;1.196;1.214;1.062;1.273;1.566;1.634;1.22;1.022;1.529;1.075;0.789;0.789;0.744;0.744;0.796;0.813;0.868;0.881;0.85;0.866;0.943;0.615;0.635;0.583;0.582;0.692;0.621;0.653;0.641;0.613;0.579;0.566;0.61;1.188;1.103;1.1;1.1;1.106;1.106;1.18;1.104;1.123;1.122;1.147;1.263;1.138;1.026;1.044;1.06;1.053;1.783;1.177;1.122;1.096;1.106;1.097;1.228;0.799;0.711;0.67;0.692;0.713;0.719;0.78;0.879;0.794;0.807;0.857;0.953;0.827;0.892;0.923;0.905;0.884;0.9;0.973;0.909;0.952;0.977;1.153;1.008
15:39:10;37;1.164;0.977;0.958;0.968;0.964;0.961;0.977;0.968;1.007;0.966;1.077;1.128;1.161;1.087;1.161;1.196;1.212;1.072;1.272;1.571;1.634;1.22;1.026;1.53;1.08;0.784;0.788;0.744;0.744;0.795;0.809;0.863;0.877;0.845;0.863;0.945;0.619;0.639;0.584;0.582;0.695;0.622;0.653;0.644;0.616;0.582;0.567;0.615;1.192;1.1;1.093;1.091;1.101;1.1;1.175;1.102;1.113;1.117;1.144;1.263;1.142;1.027;1.043;1.06;1.051;1.785;1.175;1.121;1.097;1.107;1.095;1.232;0.804;0.714;0.675;0.696;0.717;0.722;0.785;0.884;0.799;0.807;0.861;0.957;0.827;0.892;0.93;0.914;0.887;0.903;0.979;0.91;0.958;0.973;1.156;1.007
15:49:10;37;1.17;0.987;0.965;0.977;0.972;0.974;0.988;0.978;1.021;0.979;1.09;1.133;1.17;1.087;1.163;1.199;1.215;1.075;1.276;1.573;1.643;1.228;1.028;1.537;1.091;0.789;0.789;0.744;0.744;0.795;0.812;0.867;0.881;0.849;0.867;0.952;0.625;0.645;0.587;0.585;0.697;0.626;0.659;0.648;0.618;0.586;0.571;0.623;1.194;1.099;1.097;1.098;1.104;1.103;1.178;1.103;1.12;1.119;1.147;1.268;1.147;1.031;1.046;1.064;1.057;1.782;1.181;1.126;1.099;1.109;1.099;1.237;0.812;0.716;0.682;0.703;0.72;0.727;0.786;0.892;0.8;0.809;0.867;0.961;0.83;0.893;0.937;0.921;0.897;0.914;0.983;0.914;0.968;0.97;1.181;1.011
15:59:10;37.1;1.169;0.996;0.975;0.985;0.981;0.977;0.994;0.985;1.027;0.986;1.09;1.137;1.18;1.092;1.167;1.204;1.219;1.083;1.279;1.58;1.635;1.228;1.036;1.534;1.092;0.79;0.791;0.745;0.746;0.795;0.813;0.872;0.884;0.852;0.869;0.957;0.631;0.649;0.59;0.586;0.7;0.63;0.661;0.651;0.624;0.591;0.575;0.628;1.2;1.103;1.1;1.101;1.107;1.106;1.18;1.105;1.121;1.122;1.148;1.272;1.152;1.034;1.047;1.067;1.058;1.779;1.183;1.126;1.105;1.114;1.103;1.243;0.817;0.72;0.682;0.704;0.724;0.73;0.79;0.896;0.808;0.812;0.872;0.965;0.83;0.897;0.946;0.927;0.899;0.915;0.988;0.915;0.981;0.962;1.187;1.012
16:09:10;37;1.172;1.001;0.979;0.989;0.989;0.985;1.002;0.995;1.037;0.997;1.097;1.143;1.192;1.099;1.169;1.206;1.222;1.088;1.281;1.582;1.635;1.235;1.034;1.532;1.094;0.793;0.791;0.745;0.747;0.797;0.814;0.872;0.885;0.852;0.87;0.961;0.637;0.652;0.592;0.591;0.703;0.633;0.663;0.654;0.627;0.595;0.579;0.634;1.204;1.102;1.101;1.103;1.108;1.106;1.18;1.107;1.121;1.122;1.148;1.275;1.158;1.038;1.05;1.071;1.061;1.774;1.185;1.128;1.108;1.116;1.105;1.247;0.822;0.72;0.688;0.706;0.725;0.73;0.792;0.899;0.808;0.816;0.875;0.967;0.831;0.897;0.953;0.933;0.906;0.921;0.994;0.918;0.993;0.959;1.203;1.015
16:19:10;37;1.177;1.014;0.989;1;1;0.996;1.009;1.006;1.049;1.01;1.111;1.149;1.206;1.103;1.172;1.208;1.225;1.093;1.286;1.582;1.646;1.242;1.037;1.542;1.104;0.797;0.793;0.749;0.75;0.799;0.817;0.874;0.888;0.856;0.873;0.969;0.644;0.658;0.596;0.595;0.708;0.634;0.667;0.658;0.631;0.6;0.583;0.64;1.212;1.106;1.104;1.106;1.111;1.109;1.186;1.108;1.125;1.124;1.15;1.283;1.166;1.044;1.053;1.073;1.065;1.75;1.19;1.134;1.111;1.122;1.111;1.254;0.83;0.722;0.693;0.712;0.73;0.736;0.796;0.907;0.81;0.82;0.882;0.973;0.835;0.898;0.959;0.941;0.912;0.93;1;0.921;1.006;0.964;1.203;1.019
16:29:10;37;1.179;1.019;0.995;1.006;1.003;1.004;1.015;1.011;1.055;1.018;1.114;1.154;1.217;1.107;1.175;1.21;1.225;1.098;1.288;1.586;1.642;1.241;1.039;1.544;1.105;0.797;0.795;0.752;0.752;0.799;0.818;0.875;0.889;0.857;0.874;0.974;0.651;0.66;0.599;0.598;0.71;0.637;0.671;0.661;0.633;0.602;0.586;0.645;1.212;1.105;1.104;1.105;1.111;1.11;1.185;1.109;1.125;1.126;1.149;1.284;1.171;1.047;1.055;1.074;1.067;1.751;1.193;1.144;1.113;1.125;1.114;1.257;0.834;0.724;0.698;0.716;0.732;0.737;0.798;0.913;0.811;0.822;0.886;0.974;0.836;0.894;0.969;0.947;0.918;0.935;1.003;0.923;1.022;0.958;1.205;1.021
16:39:10;37;1.179;1.022;0.999;1.008;1.006;1.007;1.022;1.017;1.055;1.02;1.111;1.155;1.229;1.114;1.177;1.213;1.228;1.104;1.289;1.59;1.638;1.252;1.04;1.539;1.103;0.795;0.795;0.751;0.752;0.802;0.819;0.875;0.89;0.856;0.875;0.977;0.654;0.665;0.602;0.599;0.712;0.643;0.675;0.664;0.636;0.605;0.589;0.65;1.214;1.105;1.103;1.105;1.11;1.109;1.185;1.108;1.125;1.125;1.149;1.284;1.172;1.048;1.056;1.076;1.07;1.74;1.193;1.145;1.117;1.126;1.118;1.261;0.838;0.728;0.695;0.716;0.733;0.738;0.801;0.916;0.816;0.824;0.889;0.975;0.836;0.897;0.978;0.955;0.923;0.942;1.007;0.924;1.036;0.95;1.211;1.022
16:49:10;37;1.176;1.027;1.003;1.015;1.01;1.015;1.023;1.026;1.067;1.03;1.121;1.16;1.24;1.114;1.181;1.214;1.23;1.106;1.292;1.596;1.642;1.247;1.04;1.546;1.111;0.797;0.796;0.75;0.752;0.805;0.819;0.877;0.893;0.858;0.877;0.982;0.659;0.67;0.603;0.603;0.713;0.643;0.676;0.666;0.639;0.608;0.593;0.653;1.214;1.105;1.103;1.105;1.111;1.112;1.184;1.108;1.125;1.125;1.149;1.289;1.176;1.051;1.059;1.081;1.073;1.735;1.197;1.144;1.121;1.131;1.122;1.266;0.846;0.726;0.696;0.718;0.736;0.74;0.804;0.923;0.819;0.828;0.894;0.98;0.841;0.9;0.986;0.963;0.931;0.949;1.011;0.926;1.052;0.97;1.221;1.026
16:59:10;37;1.182;1.039;1.015;1.026;1.022;1.023;1.036;1.037;1.076;1.039;1.127;1.166;1.253;1.116;1.183;1.219;1.235;1.113;1.295;1.595;1.645;1.249;1.051;1.549;1.116;0.8;0.799;0.752;0.756;0.803;0.82;0.878;0.893;0.86;0.877;0.989;0.664;0.673;0.606;0.604;0.718;0.645;0.681;0.669;0.642;0.61;0.595;0.66;1.224;1.107;1.104;1.106;1.112;1.113;1.187;1.11;1.127;1.124;1.152;1.293;1.182;1.055;1.061;1.084;1.075;1.719;1.199;1.15;1.124;1.136;1.124;1.272;0.852;0.731;0.7;0.72;0.738;0.743;0.809;0.928;0.825;0.833;0.901;0.985;0.838;0.903;0.994;0.971;0.938;0.955;1.017;0.929;1.066;0.98;1.211;1.031
17:09:10;37.1;1.183;1.045;1.019;1.029;1.025;1.025;1.035;1.04;1.081;1.044;1.133;1.167;1.265;1.121;1.186;1.22;1.235;1.119;1.297;1.599;1.645;1.253;1.052;1.55;1.117;0.801;0.799;0.756;0.756;0.805;0.822;0.881;0.895;0.859;0.88;0.99;0.668;0.676;0.608;0.606;0.719;0.65;0.683;0.672;0.645;0.613;0.597;0.665;1.225;1.106;1.106;1.108;1.112;1.111;1.19;1.11;1.126;1.124;1.149;1.294;1.187;1.058;1.061;1.085;1.077;1.714;1.202;1.156;1.127;1.137;1.129;1.277;0.858;0.731;0.702;0.722;0.74;0.744;0.811;0.934;0.825;0.835;0.904;0.987;0.842;0.906;1.004;0.98;0.945;0.964;1.021;0.931;1.083;0.996;1.211;1.034
17:19:10;37.1;1.177;1.046;1.022;1.031;1.028;1.024;1.039;1.042;1.079;1.044;1.128;1.167;1.27;1.127;1.186;1.223;1.236;1.124;1.298;1.595;1.633;1.254;1.055;1.541;1.108;0.8;0.8;0.755;0.757;0.806;0.823;0.881;0.897;0.86;0.88;0.992;0.671;0.682;0.61;0.609;0.721;0.651;0.684;0.674;0.647;0.617;0.6;0.669;1.226;1.106;1.106;1.108;1.114;1.111;1.188;1.111;1.125;1.125;1.149;1.295;1.191;1.06;1.064;1.086;1.08;1.733;1.202;1.158;1.129;1.14;1.133;1.281;0.862;0.736;0.703;0.723;0.741;0.746;0.814;0.933;0.832;0.837;0.905;0.985;0.838;0.905;1.013;0.987;0.951;0.967;1.025;0.932;1.092;0.992;1.204;1.035
17:29:10;37;1.171;1.047;1.023;1.031;1.029;1.028;1.04;1.044;1.08;1.044;1.126;1.166;1.275;1.128;1.185;1.224;1.238;1.131;1.299;1.592;1.623;1.256;1.058;1.535;1.105;0.798;0.8;0.754;0.755;0.807;0.822;0.883;0.897;0.861;0.88;0.992;0.674;0.685;0.612;0.61;0.721;0.651;0.686;0.677;0.647;0.618;0.602;0.67;1.224;1.105;1.105;1.108;1.113;1.112;1.188;1.11;1.124;1.124;1.148;1.296;1.192;1.061;1.067;1.089;1.081;1.742;1.201;1.161;1.131;1.143;1.134;1.284;0.864;0.737;0.704;0.723;0.741;0.747;0.814;0.932;0.832;0.839;0.904;0.985;0.838;0.906;1.022;0.994;0.957;0.973;1.028;0.934;1.101;0.99;1.193;1.037
17:39:10;37;1.174;1.055;1.03;1.04;1.037;1.034;1.049;1.052;1.085;1.049;1.134;1.17;1.285;1.129;1.191;1.225;1.24;1.133;1.299;1.597;1.628;1.259;1.06;1.537;1.107;0.801;0.8;0.753;0.757;0.807;0.823;0.883;0.898;0.861;0.881;0.999;0.678;0.688;0.613;0.612;0.724;0.654;0.689;0.68;0.651;0.62;0.604;0.675;1.232;1.107;1.104;1.107;1.112;1.112;1.188;1.111;1.124;1.124;1.148;1.299;1.201;1.065;1.068;1.091;1.084;1.755;1.204;1.165;1.136;1.145;1.137;1.291;0.87;0.74;0.705;0.725;0.742;0.749;0.818;0.935;0.837;0.841;0.91;0.991;0.843;0.905;1.029;1.001;0.966;0.984;1.035;0.937;1.114;0.992;1.181;1.041
17:49:10;37;1.176;1.061;1.034;1.043;1.039;1.041;1.05;1.058;1.095;1.061;1.143;1.172;1.297;1.138;1.196;1.229;1.244;1.137;1.304;1.603;1.634;1.258;1.067;1.544;1.113;0.806;0.804;0.756;0.759;0.812;0.828;0.886;0.904;0.867;0.886;1.003;0.683;0.69;0.618;0.618;0.726;0.658;0.695;0.684;0.655;0.625;0.606;0.683;1.234;1.11;1.109;1.113;1.119;1.118;1.192;1.115;1.128;1.129;1.152;1.303;1.205;1.07;1.072;1.098;1.088;1.761;1.21;1.172;1.141;1.152;1.143;1.295;0.876;0.742;0.705;0.727;0.745;0.75;0.819;0.94;0.839;0.845;0.915;0.997;0.85;0.908;1.036;1.011;0.976;0.992;1.04;0.942;1.123;0.995;1.18;1.045
17:59:10;37;1.18;1.075;1.045;1.055;1.049;1.05;1.062;1.071;1.108;1.072;1.153;1.171;1.309;1.137;1.2;1.232;1.247;1.142;1.307;1.609;1.641;1.264;1.071;1.549;1.122;0.807;0.806;0.758;0.762;0.81;0.829;0.889;0.904;0.867;0.887;1.012;0.69;0.696;0.62;0.62;0.731;0.66;0.696;0.686;0.657;0.628;0.61;0.688;1.242;1.11;1.11;1.113;1.119;1.117;1.193;1.115;1.131;1.128;1.153;1.311;1.213;1.073;1.074;1.101;1.093;1.752;1.212;1.174;1.145;1.155;1.145;1.304;0.883;0.745;0.709;0.73;0.748;0.754;0.825;0.947;0.843;0.85;0.922;1.003;0.855;0.915;1.043;1.02;0.985;1.001;1.047;0.945;1.135;0.991;1.17;1.05
18:09:10;37.1;1.184;1.083;1.05;1.06;1.061;1.056;1.07;1.075;1.116;1.078;1.158;1.168;1.323;1.141;1.202;1.233;1.249;1.148;1.31;1.609;1.639;1.274;1.066;1.552;1.126;0.809;0.807;0.76;0.764;0.811;0.829;0.889;0.905;0.869;0.887;1.016;0.696;0.702;0.622;0.623;0.734;0.663;0.698;0.689;0.658;0.631;0.612;0.693;1.249;1.111;1.109;1.113;1.117;1.115;1.192;1.114;1.129;1.128;1.152;1.316;1.219;1.076;1.077;1.105;1.094;1.721;1.214;1.176;1.148;1.158;1.15;1.31;0.891;0.749;0.713;0.735;0.751;0.757;0.829;0.952;0.845;0.854;0.927;1.006;0.858;0.922;1.051;1.028;0.992;1.01;1.052;0.948;1.146;0.989;1.161;1.053
18:19:10;37.1;1.186;1.093;1.06;1.071;1.067;1.064;1.08;1.088;1.125;1.089;1.166;1.169;1.334;1.147;1.203;1.236;1.252;1.152;1.311;1.612;1.644;1.274;1.069;1.556;1.133;0.808;0.807;0.765;0.766;0.813;0.829;0.891;0.906;0.867;0.889;1.023;0.701;0.705;0.625;0.624;0.736;0.664;0.7;0.69;0.662;0.633;0.615;0.699;1.256;1.111;1.108;1.112;1.117;1.116;1.193;1.115;1.129;1.128;1.152;1.322;1.226;1.081;1.081;1.106;1.099;1.719;1.217;1.18;1.152;1.162;1.155;1.316;0.898;0.753;0.716;0.738;0.755;0.761;0.832;0.958;0.85;0.859;0.933;1.012;0.862;0.923;1.059;1.038;1.001;1.018;1.057;0.953;1.158;0.984;1.153;1.058
18:29:10;37;1.191;1.099;1.068;1.078;1.076;1.074;1.09;1.098;1.136;1.099;1.172;1.173;1.349;1.153;1.207;1.237;1.253;1.158;1.313;1.614;1.648;1.276;1.072;1.56;1.142;0.808;0.807;0.769;0.768;0.815;0.831;0.892;0.909;0.868;0.891;1.03;0.71;0.712;0.628;0.626;0.74;0.667;0.705;0.693;0.666;0.635;0.617;0.705;1.265;1.113;1.109;1.113;1.119;1.116;1.194;1.114;1.128;1.129;1.155;1.327;1.232;1.086;1.084;1.112;1.103;1.702;1.222;1.183;1.156;1.165;1.158;1.323;0.908;0.756;0.721;0.743;0.758;0.764;0.838;0.966;0.855;0.865;0.94;1.017;0.868;0.924;1.07;1.045;1.01;1.028;1.064;0.957;1.172;0.98;1.153;1.062
18:39:10;37;1.19;1.096;1.065;1.074;1.075;1.074;1.092;1.095;1.132;1.097;1.167;1.172;1.355;1.154;1.212;1.24;1.254;1.166;1.317;1.606;1.639;1.277;1.079;1.557;1.136;0.812;0.81;0.769;0.767;0.814;0.833;0.892;0.91;0.874;0.893;1.032;0.714;0.714;0.63;0.63;0.741;0.669;0.705;0.697;0.669;0.639;0.62;0.708;1.265;1.114;1.112;1.115;1.121;1.119;1.196;1.117;1.131;1.131;1.156;1.327;1.234;1.09;1.087;1.115;1.105;1.708;1.225;1.187;1.16;1.171;1.163;1.325;0.911;0.76;0.724;0.744;0.759;0.766;0.84;0.967;0.856;0.867;0.941;1.016;0.867;0.923;1.082;1.056;1.02;1.036;1.069;0.961;1.185;0.977;1.161;1.065
18:49:10;37;1.198;1.107;1.081;1.09;1.088;1.088;1.107;1.114;1.154;1.121;1.183;1.178;1.37;1.15;1.208;1.238;1.256;1.178;1.318;1.621;1.652;1.305;1.104;1.565;1.141;0.817;0.812;0.767;0.768;0.816;0.836;0.895;0.912;0.875;0.898;1.046;0.716;0.712;0.63;0.629;0.744;0.677;0.711;0.703;0.679;0.652;0.635;0.724;1.295;1.115;1.111;1.115;1.12;1.12;1.196;1.114;1.133;1.129;1.154;1.337;1.231;1.088;1.092;1.118;1.106;1.705;1.226;1.192;1.163;1.176;1.174;1.336;0.905;0.736;0.712;0.739;0.761;0.768;0.834;0.968;0.852;0.881;0.944;1.025;0.892;0.934;1.075;1.048;1.03;1.044;1.064;0.976;1.19;1.003;1.187;1.077
18:59:10;37.1;1.188;1.092;1.066;1.077;1.076;1.079;1.092;1.098;1.134;1.102;1.163;1.169;1.366;1.154;1.207;1.24;1.258;1.181;1.318;1.586;1.621;1.304;1.107;1.547;1.122;0.812;0.812;0.77;0.767;0.817;0.833;0.895;0.911;0.873;0.896;1.039;0.717;0.714;0.633;0.629;0.745;0.677;0.711;0.704;0.681;0.653;0.638;0.726;1.282;1.117;1.109;1.112;1.119;1.117;1.195;1.113;1.13;1.128;1.15;1.327;1.233;1.087;1.095;1.119;1.107;1.709;1.223;1.189;1.165;1.179;1.177;1.337;0.907;0.737;0.715;0.741;0.764;0.769;0.833;0.962;0.857;0.88;0.939;1.016;0.888;0.935;1.084;1.057;1.035;1.049;1.069;0.975;1.2;0.991;1.191;1.075
19:09:10;37;1.208;1.111;1.087;1.098;1.094;1.094;1.113;1.122;1.158;1.126;1.185;1.179;1.383;1.155;1.213;1.24;1.26;1.187;1.319;1.614;1.647;1.306;1.111;1.56;1.141;0.815;0.812;0.769;0.771;0.818;0.836;0.895;0.912;0.874;0.898;1.05;0.724;0.722;0.635;0.633;0.75;0.679;0.714;0.708;0.682;0.655;0.638;0.735;1.3;1.117;1.109;1.114;1.119;1.118;1.198;1.114;1.13;1.129;1.153;1.336;1.242;1.095;1.1;1.122;1.112;1.719;1.23;1.193;1.169;1.181;1.181;1.345;0.916;0.744;0.719;0.745;0.768;0.774;0.841;0.973;0.864;0.888;0.949;1.027;0.897;0.936;1.085;1.063;1.045;1.06;1.072;0.983;1.217;1.016;1.181;1.083
19:19:10;37;1.213;1.113;1.087;1.096;1.094;1.095;1.113;1.121;1.157;1.125;1.186;1.178;1.388;1.159;1.216;1.245;1.263;1.193;1.323;1.606;1.639;1.31;1.117;1.558;1.139;0.819;0.813;0.769;0.772;0.818;0.838;0.895;0.915;0.876;0.901;1.053;0.73;0.723;0.637;0.636;0.751;0.681;0.717;0.71;0.687;0.658;0.641;0.742;1.302;1.119;1.111;1.115;1.121;1.119;1.198;1.115;1.131;1.129;1.154;1.335;1.246;1.1;1.103;1.125;1.113;1.714;1.231;1.196;1.172;1.186;1.186;1.35;0.922;0.746;0.723;0.749;0.77;0.776;0.843;0.975;0.866;0.891;0.951;1.029;0.902;0.935;1.093;1.07;1.053;1.068;1.077;0.986;1.222;1.013;1.169;1.083
19:29:10;37.1;1.216;1.113;1.085;1.095;1.093;1.095;1.112;1.12;1.154;1.123;1.183;1.177;1.389;1.164;1.213;1.244;1.262;1.191;1.32;1.597;1.632;1.312;1.12;1.554;1.136;0.815;0.813;0.772;0.772;0.817;0.836;0.893;0.912;0.875;0.899;1.05;0.733;0.728;0.639;0.636;0.752;0.683;0.719;0.712;0.688;0.663;0.643;0.745;1.3;1.117;1.108;1.112;1.118;1.118;1.194;1.113;1.129;1.127;1.151;1.334;1.247;1.1;1.103;1.125;1.114;1.713;1.232;1.198;1.174;1.187;1.188;1.352;0.927;0.745;0.726;0.751;0.771;0.777;0.845;0.976;0.871;0.894;0.954;1.031;0.904;0.935;1.1;1.077;1.061;1.076;1.082;0.99;1.23;1.005;1.158;1.085
19:39:10;37;1.221;1.114;1.088;1.1;1.094;1.097;1.115;1.124;1.156;1.125;1.183;1.175;1.391;1.162;1.221;1.246;1.265;1.195;1.321;1.592;1.629;1.315;1.124;1.552;1.132;0.817;0.814;0.77;0.772;0.819;0.838;0.897;0.915;0.879;0.903;1.052;0.738;0.731;0.64;0.638;0.755;0.687;0.72;0.714;0.69;0.663;0.646;0.749;1.302;1.117;1.111;1.114;1.119;1.118;1.196;1.115;1.132;1.128;1.152;1.334;1.252;1.105;1.106;1.127;1.118;1.721;1.234;1.2;1.176;1.189;1.191;1.357;0.932;0.75;0.727;0.751;0.772;0.779;0.848;0.977;0.874;0.896;0.955;1.032;0.906;0.932;1.104;1.086;1.067;1.081;1.085;0.993;1.234;0.993;1.144;1.087
19:49:10;37;1.228;1.126;1.097;1.107;1.104;1.105;1.124;1.131;1.164;1.133;1.191;1.176;1.399;1.164;1.222;1.25;1.268;1.198;1.325;1.597;1.634;1.321;1.124;1.554;1.139;0.819;0.815;0.774;0.773;0.819;0.84;0.896;0.915;0.88;0.903;1.057;0.743;0.736;0.643;0.639;0.758;0.688;0.723;0.717;0.692;0.665;0.648;0.756;1.31;1.117;1.11;1.114;1.119;1.12;1.195;1.114;1.129;1.127;1.153;1.336;1.257;1.106;1.109;1.13;1.119;1.72;1.237;1.202;1.179;1.192;1.194;1.361;0.938;0.754;0.731;0.756;0.776;0.783;0.85;0.981;0.878;0.9;0.96;1.038;0.909;0.935;1.106;1.092;1.074;1.088;1.091;0.996;1.232;0.99;1.139;1.092
19:59:10;37;1.242;1.146;1.114;1.125;1.121;1.127;1.14;1.152;1.186;1.155;1.206;1.186;1.417;1.171;1.227;1.25;1.27;1.204;1.329;1.615;1.655;1.319;1.128;1.566;1.163;0.825;0.818;0.774;0.774;0.823;0.843;0.901;0.92;0.883;0.907;1.071;0.752;0.744;0.645;0.644;0.763;0.693;0.727;0.721;0.695;0.67;0.652;0.765;1.33;1.119;1.114;1.117;1.124;1.123;1.202;1.118;1.134;1.131;1.156;1.347;1.265;1.112;1.112;1.132;1.117;1.678;1.244;1.21;1.182;1.197;1.2;1.368;0.949;0.756;0.734;0.76;0.78;0.787;0.858;0.996;0.883;0.908;0.971;1.052;0.916;0.933;1.116;1.1;1.086;1.1;1.099;1.004;1.234;0.992;1.134;1.097
20:09:10;37;1.236;1.138;1.104;1.115;1.112;1.116;1.132;1.142;1.173;1.143;1.199;1.183;1.414;1.171;1.227;1.253;1.272;1.209;1.331;1.59;1.637;1.32;1.133;1.56;1.149;0.824;0.819;0.777;0.776;0.823;0.845;0.901;0.921;0.885;0.909;1.066;0.754;0.744;0.646;0.646;0.765;0.696;0.73;0.723;0.699;0.67;0.656;0.769;1.328;1.118;1.115;1.118;1.125;1.123;1.201;1.117;1.135;1.13;1.155;1.342;1.266;1.111;1.114;1.135;1.125;1.701;1.245;1.21;1.185;1.2;1.2;1.371;0.952;0.76;0.735;0.761;0.782;0.788;0.86;0.992;0.886;0.91;0.972;1.049;0.922;0.933;1.117;1.105;1.096;1.11;1.105;1.008;1.246;0.975;1.132;1.101
20:19:10;37;1.24;1.146;1.116;1.127;1.122;1.126;1.141;1.15;1.184;1.155;1.204;1.185;1.423;1.174;1.23;1.255;1.274;1.211;1.333;1.596;1.64;1.331;1.135;1.56;1.157;0.827;0.822;0.776;0.777;0.825;0.846;0.905;0.922;0.886;0.91;1.072;0.762;0.748;0.649;0.649;0.768;0.699;0.733;0.727;0.7;0.676;0.656;0.774;1.337;1.118;1.115;1.119;1.125;1.123;1.202;1.118;1.136;1.132;1.156;1.347;1.273;1.115;1.119;1.138;1.128;1.694;1.247;1.21;1.188;1.203;1.203;1.377;0.96;0.762;0.738;0.765;0.785;0.792;0.863;0.998;0.891;0.915;0.979;1.053;0.927;0.941;1.121;1.111;1.105;1.118;1.11;1.01;1.258;0.968;1.133;1.104
20:29:10;37;1.236;1.141;1.107;1.119;1.116;1.118;1.134;1.145;1.176;1.146;1.198;1.184;1.419;1.179;1.225;1.255;1.274;1.212;1.331;1.578;1.625;1.331;1.141;1.553;1.147;0.821;0.82;0.778;0.777;0.824;0.844;0.901;0.921;0.884;0.907;1.067;0.764;0.748;0.651;0.646;0.769;0.701;0.732;0.726;0.701;0.675;0.658;0.776;1.331;1.118;1.11;1.115;1.119;1.119;1.198;1.115;1.133;1.129;1.154;1.342;1.274;1.115;1.119;1.138;1.127;1.71;1.247;1.207;1.19;1.203;1.204;1.379;0.961;0.766;0.74;0.765;0.787;0.792;0.862;0.995;0.895;0.915;0.976;1.05;0.927;0.939;1.121;1.122;1.111;1.125;1.115;1.01;1.263;0.965;1.135;1.106
20:39:10;37;1.24;1.146;1.117;1.129;1.122;1.124;1.141;1.15;1.181;1.151;1.203;1.189;1.423;1.178;1.225;1.257;1.277;1.216;1.332;1.579;1.624;1.336;1.146;1.551;1.146;0.822;0.82;0.778;0.778;0.824;0.844;0.903;0.921;0.884;0.908;1.071;0.77;0.753;0.653;0.648;0.772;0.702;0.739;0.731;0.704;0.679;0.66;0.781;1.333;1.119;1.111;1.114;1.122;1.119;1.197;1.115;1.133;1.13;1.155;1.344;1.276;1.118;1.121;1.142;1.131;1.712;1.248;1.208;1.191;1.204;1.207;1.384;0.966;0.77;0.742;0.768;0.787;0.794;0.867;0.996;0.9;0.918;0.979;1.053;0.931;0.938;1.119;1.131;1.118;1.129;1.117;1.013;1.256;0.969;1.137;1.106
20:49:10;37;1.235;1.144;1.109;1.121;1.117;1.118;1.132;1.144;1.173;1.142;1.195;1.188;1.419;1.183;1.228;1.256;1.276;1.215;1.33;1.566;1.613;1.337;1.151;1.544;1.141;0.82;0.818;0.774;0.775;0.822;0.843;0.9;0.919;0.881;0.907;1.064;0.771;0.756;0.652;0.65;0.771;0.706;0.739;0.73;0.705;0.681;0.662;0.782;1.326;1.113;1.106;1.111;1.117;1.115;1.196;1.111;1.129;1.126;1.151;1.338;1.278;1.117;1.119;1.141;1.129;1.714;1.245;1.207;1.19;1.203;1.208;1.385;0.969;0.772;0.743;0.771;0.79;0.797;0.865;0.994;0.899;0.917;0.978;1.054;0.932;0.942;1.118;1.139;1.123;1.135;1.125;1.016;1.25;0.971;1.139;1.11
20:59:10;37;1.246;1.157;1.127;1.137;1.131;1.132;1.15;1.159;1.19;1.161;1.212;1.198;1.431;1.182;1.23;1.26;1.279;1.224;1.334;1.579;1.624;1.346;1.152;1.547;1.151;0.823;0.819;0.777;0.778;0.825;0.846;0.904;0.921;0.886;0.911;1.076;0.781;0.759;0.655;0.652;0.775;0.706;0.743;0.734;0.708;0.686;0.666;0.789;1.34;1.115;1.108;1.113;1.119;1.118;1.198;1.113;1.132;1.129;1.153;1.348;1.286;1.12;1.121;1.141;1.133;1.73;1.25;1.208;1.195;1.207;1.211;1.391;0.979;0.775;0.748;0.774;0.793;0.8;0.872;1;0.906;0.924;0.986;1.063;0.938;0.941;1.117;1.146;1.131;1.143;1.13;1.018;1.247;0.981;1.143;1.112
21:09:10;37;1.244;1.156;1.122;1.132;1.13;1.127;1.146;1.156;1.185;1.154;1.208;1.2;1.432;1.188;1.237;1.263;1.282;1.228;1.336;1.568;1.61;1.341;1.157;1.541;1.147;0.826;0.821;0.78;0.779;0.823;0.847;0.905;0.924;0.887;0.913;1.075;0.785;0.762;0.658;0.656;0.779;0.709;0.745;0.737;0.712;0.688;0.668;0.793;1.338;1.116;1.111;1.116;1.121;1.12;1.202;1.115;1.135;1.131;1.154;1.346;1.289;1.125;1.123;1.143;1.136;1.724;1.252;1.212;1.197;1.21;1.214;1.395;0.983;0.778;0.751;0.778;0.795;0.802;0.874;0.999;0.911;0.926;0.987;1.064;0.941;0.944;1.117;1.155;1.137;1.149;1.134;1.02;1.243;0.978;1.145;1.117
21:19:10;37;1.251;1.162;1.128;1.138;1.135;1.135;1.152;1.161;1.19;1.16;1.213;1.207;1.438;1.192;1.238;1.263;1.283;1.23;1.339;1.569;1.61;1.351;1.16;1.541;1.15;0.825;0.822;0.78;0.777;0.827;0.848;0.903;0.925;0.89;0.914;1.078;0.788;0.768;0.66;0.658;0.779;0.711;0.749;0.739;0.714;0.692;0.672;0.799;1.342;1.116;1.111;1.117;1.123;1.122;1.202;1.115;1.134;1.13;1.155;1.347;1.291;1.125;1.125;1.146;1.137;1.732;1.254;1.216;1.2;1.214;1.217;1.398;0.988;0.781;0.754;0.779;0.797;0.805;0.877;1.002;0.914;0.929;0.989;1.068;0.944;0.947;1.114;1.163;1.145;1.157;1.139;1.022;1.243;0.982;1.148;1.12
21:29:10;37;1.252;1.167;1.134;1.143;1.137;1.141;1.157;1.166;1.197;1.167;1.218;1.213;1.443;1.195;1.238;1.265;1.282;1.232;1.335;1.568;1.611;1.35;1.171;1.541;1.155;0.826;0.82;0.78;0.779;0.826;0.847;0.904;0.923;0.886;0.913;1.081;0.793;0.77;0.662;0.659;0.782;0.715;0.748;0.74;0.716;0.694;0.675;0.805;1.345;1.115;1.109;1.114;1.119;1.119;1.201;1.113;1.131;1.129;1.153;1.348;1.295;1.126;1.127;1.146;1.137;1.739;1.253;1.217;1.199;1.214;1.217;1.402;0.996;0.788;0.757;0.782;0.801;0.805;0.879;1.005;0.916;0.932;0.994;1.073;0.946;0.95;1.117;1.168;1.153;1.165;1.144;1.027;1.238;0.99;1.15;1.12
21:39:10;37;1.251;1.17;1.133;1.145;1.138;1.14;1.157;1.166;1.194;1.165;1.216;1.213;1.446;1.196;1.24;1.266;1.284;1.234;1.339;1.562;1.606;1.354;1.173;1.537;1.154;0.827;0.821;0.779;0.777;0.827;0.848;0.903;0.925;0.889;0.914;1.082;0.798;0.775;0.663;0.661;0.783;0.718;0.75;0.743;0.717;0.695;0.675;0.806;1.347;1.115;1.109;1.115;1.119;1.12;1.202;1.114;1.132;1.13;1.152;1.348;1.298;1.127;1.127;1.147;1.137;1.743;1.256;1.218;1.203;1.216;1.22;1.405;1.002;0.792;0.757;0.783;0.801;0.808;0.881;1.006;0.918;0.934;0.995;1.077;0.949;0.952;1.116;1.176;1.159;1.172;1.151;1.031;1.234;0.99;1.152;1.122
21:49:10;37;1.258;1.18;1.145;1.155;1.152;1.151;1.168;1.181;1.208;1.178;1.226;1.219;1.459;1.203;1.243;1.269;1.288;1.243;1.343;1.568;1.617;1.365;1.182;1.539;1.163;0.83;0.823;0.783;0.781;0.829;0.851;0.91;0.926;0.892;0.917;1.09;0.806;0.779;0.666;0.665;0.788;0.719;0.756;0.748;0.722;0.698;0.679;0.817;1.36;1.118;1.112;1.117;1.124;1.123;1.206;1.118;1.135;1.132;1.156;1.354;1.307;1.133;1.134;1.15;1.142;1.75;1.26;1.218;1.206;1.222;1.223;1.411;1.01;0.797;0.759;0.787;0.806;0.812;0.886;1.012;0.923;0.939;1.001;1.084;0.955;0.958;1.116;1.182;1.168;1.18;1.153;1.035;1.229;0.994;1.155;1.13
21:59:10;37;1.258;1.185;1.148;1.159;1.156;1.155;1.172;1.184;1.211;1.182;1.228;1.222;1.463;1.205;1.243;1.271;1.289;1.247;1.345;1.565;1.613;1.362;1.186;1.54;1.165;0.831;0.825;0.788;0.783;0.831;0.851;0.91;0.927;0.893;0.919;1.094;0.812;0.782;0.668;0.666;0.791;0.72;0.759;0.75;0.727;0.703;0.682;0.82;1.364;1.119;1.113;1.118;1.124;1.123;1.207;1.118;1.137;1.133;1.157;1.357;1.312;1.136;1.135;1.153;1.145;1.751;1.262;1.223;1.208;1.223;1.227;1.415;1.016;0.805;0.765;0.792;0.81;0.816;0.89;1.015;0.927;0.942;1.004;1.087;0.959;0.966;1.116;1.188;1.176;1.188;1.157;1.037;1.227;0.999;1.158;1.133
22:09:10;37;1.257;1.186;1.149;1.163;1.159;1.158;1.175;1.187;1.212;1.183;1.228;1.223;1.463;1.206;1.248;1.273;1.291;1.251;1.345;1.561;1.611;1.366;1.192;1.537;1.167;0.834;0.825;0.787;0.784;0.832;0.849;0.912;0.93;0.894;0.919;1.095;0.817;0.788;0.67;0.67;0.792;0.724;0.758;0.752;0.727;0.703;0.681;0.824;1.366;1.119;1.113;1.118;1.125;1.124;1.208;1.118;1.137;1.133;1.158;1.354;1.313;1.138;1.135;1.155;1.146;1.75;1.263;1.225;1.212;1.226;1.23;1.416;1.021;0.807;0.772;0.798;0.814;0.82;0.892;1.018;0.93;0.944;1.006;1.09;0.961;0.968;1.115;1.193;1.183;1.192;1.164;1.04;1.223;0.997;1.163;1.134
22:19:10;37;1.263;1.19;1.152;1.164;1.162;1.161;1.178;1.191;1.216;1.185;1.23;1.224;1.466;1.211;1.245;1.273;1.292;1.252;1.347;1.56;1.611;1.369;1.203;1.537;1.168;0.833;0.824;0.787;0.784;0.831;0.849;0.909;0.928;0.891;0.919;1.097;0.82;0.788;0.672;0.669;0.793;0.725;0.76;0.753;0.731;0.707;0.688;0.83;1.369;1.116;1.11;1.115;1.12;1.121;1.202;1.115;1.134;1.132;1.156;1.353;1.317;1.14;1.138;1.156;1.146;1.751;1.262;1.224;1.212;1.226;1.233;1.419;1.027;0.809;0.774;0.798;0.814;0.819;0.894;1.019;0.935;0.947;1.007;1.095;0.964;0.965;1.115;1.199;1.189;1.198;1.17;1.041;1.222;0.998;1.165;1.135
22:29:10;37;1.267;1.198;1.164;1.175;1.173;1.173;1.189;1.201;1.227;1.196;1.239;1.227;1.477;1.213;1.244;1.274;1.294;1.261;1.348;1.566;1.619;1.371;1.209;1.537;1.175;0.835;0.825;0.791;0.787;0.834;0.852;0.911;0.93;0.895;0.921;1.105;0.827;0.793;0.677;0.673;0.798;0.727;0.763;0.757;0.735;0.71;0.689;0.836;1.382;1.116;1.11;1.117;1.123;1.122;1.209;1.118;1.134;1.134;1.159;1.361;1.326;1.145;1.14;1.159;1.147;1.754;1.264;1.226;1.217;1.23;1.237;1.425;1.032;0.817;0.776;0.803;0.819;0.824;0.9;1.023;0.938;0.952;1.012;1.101;0.968;0.964;1.115;1.206;1.196;1.205;1.179;1.046;1.214;0.998;1.168;1.142
22:39:10;37.1;1.269;1.204;1.169;1.182;1.181;1.18;1.196;1.209;1.236;1.202;1.242;1.228;1.482;1.215;1.248;1.277;1.295;1.266;1.35;1.568;1.621;1.376;1.216;1.538;1.181;0.835;0.826;0.793;0.788;0.838;0.853;0.911;0.931;0.898;0.924;1.113;0.835;0.799;0.681;0.675;0.803;0.73;0.768;0.759;0.737;0.715;0.694;0.842;1.39;1.116;1.112;1.118;1.122;1.126;1.212;1.119;1.137;1.134;1.158;1.365;1.33;1.147;1.142;1.161;1.152;1.746;1.267;1.229;1.219;1.233;1.24;1.43;1.038;0.823;0.784;0.808;0.823;0.828;0.905;1.027;0.943;0.956;1.017;1.107;0.972;0.978;1.114;1.215;1.204;1.212;1.187;1.048;1.212;1.002;1.171;1.143
22:49:10;37;1.265;1.201;1.166;1.177;1.174;1.173;1.188;1.204;1.225;1.193;1.236;1.224;1.478;1.218;1.249;1.277;1.295;1.265;1.349;1.555;1.61;1.374;1.225;1.535;1.175;0.832;0.825;0.789;0.785;0.837;0.853;0.905;0.929;0.896;0.922;1.105;0.838;0.8;0.682;0.678;0.801;0.732;0.77;0.76;0.739;0.717;0.696;0.845;1.383;1.115;1.11;1.116;1.121;1.122;1.207;1.116;1.133;1.132;1.155;1.356;1.331;1.148;1.143;1.159;1.153;1.746;1.267;1.229;1.219;1.234;1.241;1.429;1.038;0.825;0.784;0.808;0.823;0.829;0.901;1.025;0.943;0.955;1.014;1.108;0.973;0.983;1.114;1.22;1.207;1.217;1.199;1.052;1.211;1.001;1.173;1.144
22:59:10;37;1.262;1.2;1.164;1.177;1.172;1.173;1.189;1.201;1.224;1.191;1.236;1.221;1.478;1.22;1.252;1.278;1.296;1.267;1.35;1.546;1.602;1.378;1.228;1.533;1.173;0.832;0.825;0.79;0.786;0.838;0.853;0.908;0.933;0.897;0.924;1.106;0.842;0.804;0.682;0.681;0.803;0.734;0.771;0.763;0.741;0.719;0.698;0.848;1.385;1.115;1.11;1.116;1.123;1.123;1.208;1.117;1.134;1.132;1.156;1.356;1.336;1.149;1.145;1.162;1.152;1.752;1.269;1.231;1.221;1.236;1.244;1.433;1.041;0.827;0.789;0.812;0.826;0.831;0.904;1.024;0.947;0.959;1.017;1.109;0.975;0.985;1.117;1.227;1.212;1.222;1.209;1.055;1.207;1;1.175;1.146
23:09:10;37;1.27;1.211;1.176;1.188;1.186;1.184;1.199;1.212;1.237;1.204;1.242;1.224;1.485;1.223;1.25;1.279;1.298;1.275;1.35;1.553;1.608;1.385;1.234;1.537;1.178;0.834;0.826;0.79;0.787;0.836;0.854;0.91;0.931;0.896;0.924;1.113;0.848;0.808;0.685;0.68;0.805;0.735;0.773;0.764;0.743;0.722;0.701;0.857;1.392;1.112;1.108;1.114;1.121;1.122;1.205;1.116;1.133;1.132;1.156;1.361;1.339;1.152;1.145;1.163;1.154;1.761;1.267;1.23;1.223;1.238;1.246;1.438;1.047;0.833;0.791;0.814;0.828;0.833;0.907;1.027;0.952;0.963;1.019;1.115;0.978;0.993;1.116;1.233;1.219;1.226;1.22;1.061;1.201;1.006;1.178;1.15
23:19:10;37;1.265;1.21;1.173;1.183;1.182;1.178;1.194;1.206;1.232;1.2;1.24;1.223;1.483;1.224;1.252;1.28;1.297;1.276;1.35;1.541;1.601;1.384;1.245;1.534;1.173;0.833;0.826;0.789;0.786;0.835;0.853;0.91;0.931;0.898;0.924;1.108;0.85;0.81;0.685;0.684;0.804;0.737;0.775;0.766;0.744;0.723;0.702;0.861;1.386;1.112;1.108;1.113;1.121;1.121;1.205;1.115;1.133;1.129;1.154;1.355;1.341;1.153;1.145;1.164;1.156;1.763;1.268;1.23;1.225;1.238;1.247;1.437;1.046;0.835;0.793;0.815;0.828;0.834;0.903;1.025;0.947;0.961;1.017;1.116;0.98;0.992;1.12;1.24;1.222;1.229;1.234;1.073;1.197;1.005;1.179;1.149
23:29:10;37;1.268;1.214;1.181;1.193;1.189;1.179;1.196;1.208;1.236;1.203;1.242;1.22;1.49;1.225;1.25;1.283;1.3;1.282;1.354;1.541;1.597;1.39;1.246;1.533;1.175;0.836;0.827;0.791;0.788;0.836;0.855;0.915;0.933;0.9;0.928;1.113;0.858;0.816;0.689;0.684;0.808;0.741;0.78;0.77;0.748;0.727;0.707;0.863;1.395;1.115;1.11;1.117;1.123;1.124;1.209;1.118;1.135;1.132;1.156;1.359;1.349;1.156;1.147;1.166;1.156;1.768;1.271;1.231;1.228;1.241;1.25;1.442;1.05;0.838;0.797;0.82;0.832;0.838;0.91;1.026;0.952;0.967;1.021;1.119;0.982;0.994;1.12;1.247;1.228;1.234;1.243;1.083;1.195;1.009;1.181;1.154
23:39:10;37;1.27;1.217;1.187;1.199;1.194;1.189;1.205;1.218;1.243;1.21;1.245;1.223;1.495;1.228;1.25;1.279;1.299;1.285;1.355;1.543;1.599;1.39;1.255;1.535;1.178;0.836;0.827;0.791;0.79;0.838;0.857;0.911;0.933;0.9;0.93;1.118;0.866;0.818;0.69;0.686;0.811;0.74;0.782;0.771;0.751;0.731;0.709;0.87;1.4;1.114;1.109;1.115;1.123;1.123;1.21;1.118;1.135;1.133;1.157;1.363;1.353;1.159;1.15;1.168;1.157;1.775;1.272;1.234;1.229;1.244;1.254;1.447;1.057;0.845;0.801;0.823;0.835;0.841;0.914;1.028;0.956;0.971;1.026;1.123;0.985;1;1.125;1.252;1.234;1.239;1.253;1.094;1.191;1.01;1.185;1.156
23:49:10;37;1.274;1.224;1.195;1.205;1.205;1.198;1.214;1.225;1.251;1.216;1.25;1.226;1.502;1.23;1.25;1.283;1.301;1.291;1.356;1.548;1.6;1.396;1.264;1.541;1.184;0.838;0.828;0.792;0.789;0.84;0.856;0.912;0.934;0.899;0.929;1.124;0.872;0.821;0.693;0.687;0.813;0.742;0.781;0.774;0.752;0.731;0.71;0.878;1.406;1.109;1.109;1.115;1.119;1.121;1.207;1.117;1.135;1.132;1.156;1.367;1.356;1.162;1.15;1.168;1.159;1.774;1.273;1.234;1.231;1.242;1.255;1.45;1.065;0.851;0.804;0.824;0.836;0.844;0.917;1.031;0.958;0.973;1.029;1.129;0.99;1.004;1.128;1.261;1.24;1.245;1.263;1.103;1.187;1.011;1.187;1.158
23:59:10;37;1.273;1.225;1.195;1.207;1.204;1.197;1.213;1.226;1.253;1.216;1.25;1.225;1.505;1.231;1.252;1.284;1.303;1.294;1.357;1.545;1.597;1.398;1.27;1.543;1.186;0.835;0.828;0.79;0.79;0.839;0.857;0.914;0.936;0.904;0.933;1.126;0.879;0.825;0.694;0.694;0.816;0.744;0.784;0.777;0.756;0.736;0.714;0.882;1.412;1.113;1.11;1.117;1.123;1.126;1.21;1.119;1.138;1.135;1.16;1.369;1.36;1.164;1.153;1.17;1.162;1.771;1.276;1.235;1.234;1.248;1.258;1.452;1.07;0.854;0.81;0.829;0.839;0.845;0.919;1.033;0.962;0.975;1.032;1.132;0.991;1.004;1.126;1.263;1.244;1.251;1.27;1.112;1.186;1.014;1.19;1.162
24:09:10;37;1.278;1.23;1.205;1.216;1.213;1.204;1.22;1.232;1.26;1.222;1.255;1.227;1.511;1.233;1.252;1.286;1.304;1.297;1.359;1.547;1.601;1.4;1.279;1.546;1.19;0.835;0.829;0.794;0.791;0.841;0.858;0.912;0.938;0.905;0.934;1.131;0.885;0.828;0.695;0.693;0.817;0.748;0.787;0.779;0.758;0.737;0.718;0.89;1.42;1.115;1.112;1.118;1.126;1.125;1.209;1.119;1.138;1.133;1.158;1.37;1.364;1.165;1.154;1.172;1.165;1.77;1.277;1.238;1.235;1.251;1.26;1.455;1.074;0.86;0.813;0.831;0.842;0.847;0.92;1.036;0.964;0.977;1.034;1.137;0.996;1.007;1.129;1.269;1.249;1.256;1.28;1.122;1.181;1.015;1.192;1.163